model,CHE,without CE (no detail specified),SMT before and after channel,SMT+NON,NON + NON,NON+SMT,channel V intrinsic (z=0) other without CE,with CE (no detail specified),channel I intrinsic (z=0) classic CE (SMT+CE),CEE + SMT,CEE+CEE,NON+CEE,CEE+NON,channel III intrinsic (z=0) SCCE,channel IV intrinsic (z=0) DCCE,channel V intrinsic (z=0) other with CE,channel radCEE,channel convCEE,channel V intrinsic (z=0) CE not specified,All intrinsic (z=0) [Gpc^-3 yr^-1],fraction without common envelope,fraction with common envelope,fraction CHE,fraction not specified,total fraction
B22-A-fiducial,0.000000000000,0.000000000000,0.495046042491,0.000000000000,0.000000000000,0.000000000000,0.031146752762,0.000000000000,0.382211650048,0.000000000000,0.000000000000,0.000000000000,0.000000000000,0.077548063404,0.014047491295,0.000000000000,0.000000000000,0.000000000000,0.000000000000,39.163509241099,0.526192795253,0.473807204747,0.000000000000,0.000000000000,1.0000
B22-B-beta0-25,0.000000000000,0.000000000000,0.431626636416,0.000000000000,0.000000000000,0.000000000000,0.059732023744,0.000000000000,0.466260508708,0.000000000000,0.000000000000,0.000000000000,0.000000000000,0.042372558091,0.000000000000,0.000000000000,0.000000000000,0.000000000000,0.000000000000,33.663427139070,0.491358660160,0.508633066799,0.000000000000,0.000000000000,1.0000
B22-C-beta0-5,0.000000000000,0.000000000000,0.639851006667,0.000000000000,0.000000000000,0.000000000000,0.048673228113,0.000000000000,0.254659336004,0.000000000000,0.000000000000,0.000000000000,0.000000000000,0.056816429215,0.000000000000,0.000000000000,0.000000000000,0.000000000000,0.000000000000,37.601679201838,0.688524234781,0.311475765219,0.000000000000,0.000000000000,1.0000
B22-D-beta0-75,0.000000000000,0.000000000000,0.764859542639,0.000000000000,0.000000000000,0.000000000000,0.029982611917,0.000000000000,0.142473882812,0.000000000000,0.000000000000,0.000000000000,0.000000000000,0.059802788218,0.002881174415,0.000000000000,0.000000000000,0.000000000000,0.000000000000,45.100801892784,0.794842154556,0.205157845444,0.000000000000,0.000000000000,1.0000
B22-E-unstableBB,0.000000000000,0.000000000000,0.499925124776,0.000000000000,0.000000000000,0.000000000000,0.031477926455,0.000000000000,0.380057453338,0.000000000000,0.000000000000,0.000000000000,0.000000000000,0.075982324990,0.012557170441,0.000000000000,0.000000000000,0.000000000000,0.000000000000,39.130438698318,0.531403051231,0.468596948769,0.000000000000,0.000000000000,1.0000
B22-F-unstableBB-optimistic,0.000000000000,0.000000000000,0.240381510429,0.000000000000,0.000000000000,0.000000000000,0.016505384758,0.000000000000,0.703740322508,0.000000000000,0.000000000000,0.000000000000,0.000000000000,0.033569078983,0.005569677948,0.000234025375,0.000000000000,0.000000000000,0.000000000000,89.023105831164,0.256886895187,0.743113104813,0.000000000000,0.000000000000,1.0000
B22-G-alpha0-1,0.000000000000,0.000000000000,0.878144244414,0.000000000000,0.000000000000,0.000000000000,0.014440798395,0.000000000000,0.100414552193,0.000000000000,0.000000000000,0.000000000000,0.000000000000,0.006994454221,0.000005950776,0.000000000000,0.000000000000,0.000000000000,0.000000000000,22.222846442343,0.892585042809,0.107414957191,0.000000000000,0.000000000000,1.0000
B22-H-alpha0-5,0.000000000000,0.000000000000,0.583805318151,0.000000000000,0.000000000000,0.000000000000,0.038817759826,0.000000000000,0.306250057908,0.000000000000,0.000000000000,0.000000000000,0.000000000000,0.067443406878,0.003683457237,0.000000000000,0.000000000000,0.000000000000,0.000000000000,33.501954787880,0.622623077977,0.377376922023,0.000000000000,0.000000000000,1.0000
B22-I-alpha2,0.000000000000,0.000000000000,0.375960862398,0.000000000000,0.000000000000,0.000000000000,0.024355881332,0.000000000000,0.458315807486,0.000000000000,0.000000000000,0.000000000000,0.000000000000,0.090531928151,0.050835520634,0.000000000000,0.000000000000,0.000000000000,0.000000000000,52.191092834457,0.400316743729,0.599683256271,0.000000000000,0.000000000000,1.0000
B22-J-alpha10,0.000000000000,0.000000000000,0.651931862610,0.000000000000,0.000000000000,0.000000000000,0.003585431721,0.000000000000,0.148404290511,0.000000000000,0.000000000000,0.000000000000,0.000000000000,0.133053010577,0.063025291291,0.000000113291,0.000000000000,0.000000000000,0.000000000000,29.914241313670,0.655517294331,0.344482705669,0.000000000000,0.000000000000,1.0000
B22-K-optimisticCE,0.000000000000,0.000000000000,0.238062560621,0.000000000000,0.000000000000,0.000000000000,0.015916557609,0.000000000000,0.704926888682,0.000000000000,0.000000000000,0.000000000000,0.000000000000,0.034255193354,0.006204959633,0.000633840100,0.000000000000,0.000000000000,0.000000000000,88.000810631809,0.253979118230,0.746020881770,0.000000000000,0.000000000000,1.0000
B22-L-rapid,0.000000000000,0.000000000000,0.545020941349,0.000000000000,0.000000000000,0.000000000000,0.015631377308,0.000000000000,0.377147232840,0.000000000000,0.000000000000,0.000000000000,0.000000000000,0.053574767068,0.008625681435,0.000000000000,0.000000000000,0.000000000000,0.000000000000,40.525664826552,0.560652318657,0.439347681343,0.000000000000,0.000000000000,1.0000
B22-M-max-mNS:2,0.000000000000,0.000000000000,0.431850210697,0.000000000000,0.000000000000,0.000000000000,0.039906734066,0.000000000000,0.433722221598,0.000000000000,0.000000000000,0.000000000000,0.000000000000,0.078006767265,0.016514066374,0.000000000000,0.000000000000,0.000000000000,0.000000000000,46.563257151082,0.471756944763,0.528243055237,0.000000000000,0.000000000000,1.0000
B22-N-max-mNS:3,0.000000000000,0.000000000000,0.545369409285,0.000000000000,0.000000000000,0.000000000000,0.028121208214,0.000000000000,0.340700123665,0.000000000000,0.000000000000,0.000000000000,0.000000000000,0.073637518726,0.012171740111,0.000000000000,0.000000000000,0.000000000000,0.000000000000,34.590795474302,0.573490617499,0.426509382501,0.000000000000,0.000000000000,1.0000
B22-O-noPISN,0.000000000000,0.000000000000,0.497866887549,0.000000000000,0.000000000000,0.000000000000,0.030917442371,0.000000000000,0.380407409546,0.000000000000,0.000000000000,0.000000000000,0.000000000000,0.076838452928,0.013969807606,0.000000000000,0.000000000000,0.000000000000,0.000000000000,39.225677462716,0.528784329920,0.471215670080,0.000000000000,0.000000000000,1.0000
B22-P-sigma:100,0.000000000000,0.000000000000,0.414898659896,0.000000000000,0.000000000000,0.000000000000,0.082365871123,0.000000000000,0.395574509025,0.000000000000,0.000000000000,0.000000000000,0.000000000000,0.086046718235,0.021114241720,0.000000000000,0.000000000000,0.000000000000,0.000000000000,45.006889911673,0.497264531020,0.502735468980,0.000000000000,0.000000000000,1.0000
B22-Q-sigma:30,0.000000000000,0.000000000000,0.337881224378,0.000000000000,0.000000000000,0.000000000000,0.094221406491,0.000000000000,0.463193460183,0.000000000000,0.000000000000,0.000000000000,0.000000000000,0.083649297036,0.021054611913,0.000000000000,0.000000000000,0.000000000000,0.000000000000,51.135615173076,0.432102630869,0.567897369131,0.000000000000,0.000000000000,1.0000
B22-R-noBHkick,0.000000000000,0.000000000000,0.350869837374,0.000000000000,0.000000000000,0.000000000000,0.003616127983,0.000000000000,0.536166513866,0.000000000000,0.000000000000,0.000000000000,0.000000000000,0.086943261806,0.022404258971,0.000000000000,0.000000000000,0.000000000000,0.000000000000,49.481510729400,0.354485965358,0.645514034642,0.000000000000,0.000000000000,1.0000
B22-S-fWR:0-1,0.000000000000,0.000000000000,0.578218886414,0.000000000000,0.000000000000,0.000000000000,0.015828908032,0.000000000000,0.367125123722,0.000000000000,0.000000000000,0.000000000000,0.000000000000,0.033410152352,0.005416929480,0.000000000000,0.000000000000,0.000000000000,0.000000000000,94.716117597992,0.594047794446,0.405952205554,0.000000000000,0.000000000000,1.0000
B22-T-fWR:5,0.000000000000,0.000000000000,0.301401745509,0.000000000000,0.000000000000,0.000000000000,0.030085064106,0.000000000000,0.488609841573,0.000000000000,0.000000000000,0.000000000000,0.000000000000,0.146043037731,0.033860311081,0.000000000000,0.000000000000,0.000000000000,0.000000000000,11.060407955896,0.331486809615,0.668513190385,0.000000000000,0.000000000000,1.0000
B21-alpha0-2,0.000000000000,0.178779069800,0.000000000000,0.000000000000,0.000000000000,0.000000000000,0.000000000000,0.821220930200,0.000000000000,0.000000000000,0.000000000000,0.000000000000,0.000000000000,0.000000000000,0.000000000000,0.000000000000,0.000000000000,0.000000000000,0.000000000000,137.600000000000,0.178779069800,0.821220930200,0.000000000000,0.000000000000,1.0000
B21-alpha0-35,0.000000000000,0.588516746400,0.000000000000,0.000000000000,0.000000000000,0.000000000000,0.000000000000,0.411483253600,0.000000000000,0.000000000000,0.000000000000,0.000000000000,0.000000000000,0.000000000000,0.000000000000,0.000000000000,0.000000000000,0.000000000000,0.000000000000,41.800000000000,0.588516746400,0.411483253600,0.000000000000,0.000000000000,1.0000
B21-alpha0-5,0.000000000000,0.546666666700,0.000000000000,0.000000000000,0.000000000000,0.000000000000,0.000000000000,0.453333333300,0.000000000000,0.000000000000,0.000000000000,0.000000000000,0.000000000000,0.000000000000,0.000000000000,0.000000000000,0.000000000000,0.000000000000,0.000000000000,45.000000000000,0.546666666700,0.453333333300,0.000000000000,0.000000000000,1.0000
B21-alpha0-75,0.000000000000,0.453874538700,0.000000000000,0.000000000000,0.000000000000,0.000000000000,0.000000000000,0.546125461300,0.000000000000,0.000000000000,0.000000000000,0.000000000000,0.000000000000,0.000000000000,0.000000000000,0.000000000000,0.000000000000,0.000000000000,0.000000000000,54.200000000000,0.453874538700,0.546125461300,0.000000000000,0.000000000000,1.0000
B21-alpha1,0.000000000000,0.366071428600,0.000000000000,0.000000000000,0.000000000000,0.000000000000,0.000000000000,0.633928571400,0.000000000000,0.000000000000,0.000000000000,0.000000000000,0.000000000000,0.000000000000,0.000000000000,0.000000000000,0.000000000000,0.000000000000,0.000000000000,67.200000000000,0.366071428600,0.633928571400,0.000000000000,0.000000000000,1.0000
B21-alpha2,0.000000000000,0.412751677900,0.000000000000,0.000000000000,0.000000000000,0.000000000000,0.000000000000,0.587248322100,0.000000000000,0.000000000000,0.000000000000,0.000000000000,0.000000000000,0.000000000000,0.000000000000,0.000000000000,0.000000000000,0.000000000000,0.000000000000,59.600000000000,0.412751677900,0.587248322100,0.000000000000,0.000000000000,1.0000
B21-alpha5,0.000000000000,0.520084566600,0.000000000000,0.000000000000,0.000000000000,0.000000000000,0.000000000000,0.479915433400,0.000000000000,0.000000000000,0.000000000000,0.000000000000,0.000000000000,0.000000000000,0.000000000000,0.000000000000,0.000000000000,0.000000000000,0.000000000000,47.300000000000,0.520084566600,0.479915433400,0.000000000000,0.000000000000,1.0000
B21-eddington-1E3,0.000000000000,0.352852852900,0.000000000000,0.000000000000,0.000000000000,0.000000000000,0.000000000000,0.647147147100,0.000000000000,0.000000000000,0.000000000000,0.000000000000,0.000000000000,0.000000000000,0.000000000000,0.000000000000,0.000000000000,0.000000000000,0.000000000000,66.600000000000,0.352852852900,0.647147147100,0.000000000000,0.000000000000,1.0000
B21-eddington-1E5,0.000000000000,0.083146067420,0.000000000000,0.000000000000,0.000000000000,0.000000000000,0.000000000000,0.916853932600,0.000000000000,0.000000000000,0.000000000000,0.000000000000,0.000000000000,0.000000000000,0.000000000000,0.000000000000,0.000000000000,0.000000000000,0.000000000000,44.500000000000,0.083146067420,0.916853932600,0.000000000000,0.000000000000,1.0000
B21-eddington-1E9,0.000000000000,0.005154639175,0.000000000000,0.000000000000,0.000000000000,0.000000000000,0.000000000000,0.994845360800,0.000000000000,0.000000000000,0.000000000000,0.000000000000,0.000000000000,0.000000000000,0.000000000000,0.000000000000,0.000000000000,0.000000000000,0.000000000000,38.800000000000,0.005154639175,0.994845360800,0.000000000000,0.000000000000,1.0000
B21-noRLOFatZAMS,0.000000000000,0.360091743100,0.000000000000,0.000000000000,0.000000000000,0.000000000000,0.000000000000,0.639908256900,0.000000000000,0.000000000000,0.000000000000,0.000000000000,0.000000000000,0.000000000000,0.000000000000,0.000000000000,0.000000000000,0.000000000000,0.000000000000,87.200000000000,0.360091743100,0.639908256900,0.000000000000,0.000000000000,1.0000
B21-logU-SanaPrior,0.000000000000,0.239626556000,0.000000000000,0.000000000000,0.000000000000,0.000000000000,0.000000000000,0.760373444000,0.000000000000,0.000000000000,0.000000000000,0.000000000000,0.000000000000,0.000000000000,0.000000000000,0.000000000000,0.000000000000,0.000000000000,0.000000000000,96.400000000000,0.239626556000,0.760373444000,0.000000000000,0.000000000000,1.0000
B21-logU-noRLOFatZAMS,0.000000000000,0.240077444300,0.000000000000,0.000000000000,0.000000000000,0.000000000000,0.000000000000,0.759922555700,0.000000000000,0.000000000000,0.000000000000,0.000000000000,0.000000000000,0.000000000000,0.000000000000,0.000000000000,0.000000000000,0.000000000000,0.000000000000,103.300000000000,0.240077444300,0.759922555700,0.000000000000,0.000000000000,1.0000
B21-qcrit-Claeys,0.000000000000,0.700058927500,0.000000000000,0.000000000000,0.000000000000,0.000000000000,0.000000000000,0.299941072500,0.000000000000,0.000000000000,0.000000000000,0.000000000000,0.000000000000,0.000000000000,0.000000000000,0.000000000000,0.000000000000,0.000000000000,0.000000000000,169.700000000000,0.700058927500,0.299941072500,0.000000000000,0.000000000000,1.0000
B21-qcrit-Belczynski,0.000000000000,0.560931899600,0.000000000000,0.000000000000,0.000000000000,0.000000000000,0.000000000000,0.439068100400,0.000000000000,0.000000000000,0.000000000000,0.000000000000,0.000000000000,0.000000000000,0.000000000000,0.000000000000,0.000000000000,0.000000000000,0.000000000000,55.800000000000,0.560931899600,0.439068100400,0.000000000000,0.000000000000,1.0000
RG21-SN:N20,0.000000000000,0.196187842600,0.000000000000,0.000000000000,0.000000000000,0.000000000000,0.000000000000,0.803812157400,0.000000000000,0.000000000000,0.000000000000,0.000000000000,0.000000000000,0.000000000000,0.000000000000,0.000000000000,0.000000000000,0.000000000000,0.000000000000,202.510000000000,0.196187842600,0.803812157400,0.000000000000,0.000000000000,1.0000
RG21-SN:rapid,0.000000000000,0.289455246100,0.000000000000,0.000000000000,0.000000000000,0.000000000000,0.000000000000,0.710544753900,0.000000000000,0.000000000000,0.000000000000,0.000000000000,0.000000000000,0.000000000000,0.000000000000,0.000000000000,0.000000000000,0.000000000000,0.000000000000,114.180000000000,0.289455246100,0.710544753900,0.000000000000,0.000000000000,1.0000
RG21-SN:delayed,0.000000000000,0.444176136400,0.000000000000,0.000000000000,0.000000000000,0.000000000000,0.000000000000,0.555823863600,0.000000000000,0.000000000000,0.000000000000,0.000000000000,0.000000000000,0.000000000000,0.000000000000,0.000000000000,0.000000000000,0.000000000000,0.000000000000,70.400000000000,0.444176136400,0.555823863600,0.000000000000,0.000000000000,1.0000
RG21-ESCN:Full-SN:N20,0.000000000000,0.203597228400,0.000000000000,0.000000000000,0.000000000000,0.000000000000,0.000000000000,0.796402771600,0.000000000000,0.000000000000,0.000000000000,0.000000000000,0.000000000000,0.000000000000,0.000000000000,0.000000000000,0.000000000000,0.000000000000,0.000000000000,203.490000000000,0.203597228400,0.796402771600,0.000000000000,0.000000000000,1.0000
RG21-ESCN:Full-SN:rapid,0.000000000000,0.291565428700,0.000000000000,0.000000000000,0.000000000000,0.000000000000,0.000000000000,0.708434571300,0.000000000000,0.000000000000,0.000000000000,0.000000000000,0.000000000000,0.000000000000,0.000000000000,0.000000000000,0.000000000000,0.000000000000,0.000000000000,115.240000000000,0.291565428700,0.708434571300,0.000000000000,0.000000000000,1.0000
RG21-ECSN:Full-SN:delayed,0.000000000000,0.446359327900,0.000000000000,0.000000000000,0.000000000000,0.000000000000,0.000000000000,0.553640672100,0.000000000000,0.000000000000,0.000000000000,0.000000000000,0.000000000000,0.000000000000,0.000000000000,0.000000000000,0.000000000000,0.000000000000,0.000000000000,69.630000000000,0.446359327900,0.553640672100,0.000000000000,0.000000000000,1.0000
RG21-noBHkick-SN:N20,0.000000000000,0.196187842600,0.000000000000,0.000000000000,0.000000000000,0.000000000000,0.000000000000,0.803812157400,0.000000000000,0.000000000000,0.000000000000,0.000000000000,0.000000000000,0.000000000000,0.000000000000,0.000000000000,0.000000000000,0.000000000000,0.000000000000,202.510000000000,0.196187842600,0.803812157400,0.000000000000,0.000000000000,1.0000
RG21-noBHkick-SN:rapid,0.000000000000,0.195161390600,0.000000000000,0.000000000000,0.000000000000,0.000000000000,0.000000000000,0.804838609400,0.000000000000,0.000000000000,0.000000000000,0.000000000000,0.000000000000,0.000000000000,0.000000000000,0.000000000000,0.000000000000,0.000000000000,0.000000000000,160.790000000000,0.195161390600,0.804838609400,0.000000000000,0.000000000000,1.0000
RG21-noBH-kick-SN:delayed,0.000000000000,0.136107812300,0.000000000000,0.000000000000,0.000000000000,0.000000000000,0.000000000000,0.863892187700,0.000000000000,0.000000000000,0.000000000000,0.000000000000,0.000000000000,0.000000000000,0.000000000000,0.000000000000,0.000000000000,0.000000000000,0.000000000000,193.670000000000,0.136107812300,0.863892187700,0.000000000000,0.000000000000,1.0000
DT22-M1,0.000000000000,0.589743589700,0.000000000000,0.000000000000,0.000000000000,0.000000000000,0.000000000000,0.000000000000,0.000000000000,0.000000000000,0.000000000000,0.000000000000,0.000000000000,0.000000000000,0.000000000000,0.000000000000,0.252136752100,0.158119658100,0.000000000000,23.400000000000,0.589743589700,0.410256410200,0.000000000000,0.000000000000,1.0000
DT22-M2,0.000000000000,0.386363636400,0.000000000000,0.000000000000,0.000000000000,0.000000000000,0.000000000000,0.000000000000,0.000000000000,0.000000000000,0.000000000000,0.000000000000,0.000000000000,0.000000000000,0.000000000000,0.000000000000,0.329545454500,0.284090909100,0.000000000000,26.400000000000,0.386363636400,0.613636363600,0.000000000000,0.000000000000,1.0000
DT22-M3,0.000000000000,0.701570680600,0.000000000000,0.000000000000,0.000000000000,0.000000000000,0.000000000000,0.000000000000,0.000000000000,0.000000000000,0.000000000000,0.000000000000,0.000000000000,0.000000000000,0.000000000000,0.000000000000,0.036649214660,0.261780104700,0.000000000000,19.100000000000,0.701570680600,0.298429319360,0.000000000000,0.000000000000,1.0000
DT22-M4,0.000000000000,0.433333333300,0.000000000000,0.000000000000,0.000000000000,0.000000000000,0.000000000000,0.000000000000,0.000000000000,0.000000000000,0.000000000000,0.000000000000,0.000000000000,0.000000000000,0.000000000000,0.000000000000,0.042857142860,0.523809523800,0.000000000000,21.000000000000,0.433333333300,0.566666666660,0.000000000000,0.000000000000,1.0000
DT22-M5,0.000000000000,0.891530460600,0.000000000000,0.000000000000,0.000000000000,0.000000000000,0.000000000000,0.000000000000,0.000000000000,0.000000000000,0.000000000000,0.000000000000,0.000000000000,0.000000000000,0.000000000000,0.000000000000,0.049034175330,0.059435364040,0.000000000000,67.300000000000,0.891530460600,0.108469539370,0.000000000000,0.000000000000,1.0000
DT22-M6,0.000000000000,0.881070366700,0.000000000000,0.000000000000,0.000000000000,0.000000000000,0.000000000000,0.000000000000,0.000000000000,0.000000000000,0.000000000000,0.000000000000,0.000000000000,0.000000000000,0.000000000000,0.000000000000,0.041625371660,0.077304261650,0.000000000000,100.900000000000,0.881070366700,0.118929633310,0.000000000000,0.000000000000,1.0000
DT22-M7,0.000000000000,0.905882352900,0.000000000000,0.000000000000,0.000000000000,0.000000000000,0.000000000000,0.000000000000,0.000000000000,0.000000000000,0.000000000000,0.000000000000,0.000000000000,0.000000000000,0.000000000000,0.000000000000,0.010084033610,0.084033613450,0.000000000000,59.500000000000,0.905882352900,0.094117647060,0.000000000000,0.000000000000,1.0000
DT22-M8,0.000000000000,0.876557191400,0.000000000000,0.000000000000,0.000000000000,0.000000000000,0.000000000000,0.000000000000,0.000000000000,0.000000000000,0.000000000000,0.000000000000,0.000000000000,0.000000000000,0.000000000000,0.000000000000,0.003397508494,0.120045300100,0.000000000000,88.300000000000,0.876557191400,0.123442808594,0.000000000000,0.000000000000,1.0000
DT22-M9,0.000000000000,0.065868263470,0.000000000000,0.000000000000,0.000000000000,0.000000000000,0.000000000000,0.000000000000,0.000000000000,0.000000000000,0.000000000000,0.000000000000,0.000000000000,0.000000000000,0.000000000000,0.000000000000,0.353293413200,0.580838323400,0.000000000000,33.400000000000,0.065868263470,0.934131736600,0.000000000000,0.000000000000,1.0000
DT22-M10,0.000000000000,0.079470198680,0.000000000000,0.000000000000,0.000000000000,0.000000000000,0.000000000000,0.000000000000,0.000000000000,0.000000000000,0.000000000000,0.000000000000,0.000000000000,0.000000000000,0.000000000000,0.000000000000,0.423841059600,0.496688741700,0.000000000000,30.200000000000,0.079470198680,0.920529801300,0.000000000000,0.000000000000,1.0000
DT22-M11,0.000000000000,0.043933054390,0.000000000000,0.000000000000,0.000000000000,0.000000000000,0.000000000000,0.000000000000,0.000000000000,0.000000000000,0.000000000000,0.000000000000,0.000000000000,0.000000000000,0.000000000000,0.000000000000,0.073221757320,0.882845188300,0.000000000000,47.800000000000,0.043933054390,0.956066945620,0.000000000000,0.000000000000,1.0000
DT22-M12,0.000000000000,0.085714285710,0.000000000000,0.000000000000,0.000000000000,0.000000000000,0.000000000000,0.000000000000,0.000000000000,0.000000000000,0.000000000000,0.000000000000,0.000000000000,0.000000000000,0.000000000000,0.000000000000,0.050000000000,0.864285714300,0.000000000000,28.000000000000,0.085714285710,0.914285714300,0.000000000000,0.000000000000,1.0000
DT22-M13,0.000000000000,0.624466571800,0.000000000000,0.000000000000,0.000000000000,0.000000000000,0.000000000000,0.000000000000,0.000000000000,0.000000000000,0.000000000000,0.000000000000,0.000000000000,0.000000000000,0.000000000000,0.000000000000,0.105263157900,0.270270270300,0.000000000000,70.300000000000,0.624466571800,0.375533428200,0.000000000000,0.000000000000,1.0000
DT22-M14,0.000000000000,0.787325456500,0.000000000000,0.000000000000,0.000000000000,0.000000000000,0.000000000000,0.000000000000,0.000000000000,0.000000000000,0.000000000000,0.000000000000,0.000000000000,0.000000000000,0.000000000000,0.000000000000,0.064446831360,0.148227712100,0.000000000000,93.100000000000,0.787325456500,0.212674543460,0.000000000000,0.000000000000,1.0000
DT22-M15,0.000000000000,0.511160714300,0.000000000000,0.000000000000,0.000000000000,0.000000000000,0.000000000000,0.000000000000,0.000000000000,0.000000000000,0.000000000000,0.000000000000,0.000000000000,0.000000000000,0.000000000000,0.000000000000,0.034598214290,0.454241071400,0.000000000000,89.600000000000,0.511160714300,0.488839285690,0.000000000000,0.000000000000,1.0000
DT22-M16,0.000000000000,0.747295968500,0.000000000000,0.000000000000,0.000000000000,0.000000000000,0.000000000000,0.000000000000,0.000000000000,0.000000000000,0.000000000000,0.000000000000,0.000000000000,0.000000000000,0.000000000000,0.000000000000,0.005899705015,0.246804326500,0.000000000000,101.700000000000,0.747295968500,0.252704031515,0.000000000000,0.000000000000,1.0000
van Son (2023) ,0.000000000000,0.290322580645,0.000000000000,0.000000000000,0.000000000000,0.000000000000,0.000000000000,0.709677419355,0.000000000000,0.000000000000,0.000000000000,0.000000000000,0.000000000000,0.000000000000,0.000000000000,0.000000000000,0.000000000000,0.000000000000,0.000000000000,58.900000000000,0.290322580645,0.709677419355,0.000000000000,0.000000000000,1.0000
van Son (2022),0.000000000000,0.370000000000,0.000000000000,0.000000000000,0.000000000000,0.000000000000,0.000000000000,0.630000000000,0.000000000000,0.000000000000,0.000000000000,0.000000000000,0.000000000000,0.000000000000,0.000000000000,0.000000000000,0.000000000000,0.000000000000,0.000000000000,73.000000000000,0.370000000000,0.630000000000,0.000000000000,0.000000000000,1.0000
Briel (2022) ,0.000000000000,0.000000000000,0.064400000000,0.069200000000,0.002000000000,0.002900000000,0.000000000000,0.000000000000,0.452800000000,0.000800000000,0.312700000000,0.027200000000,0.068000000000,0.000000000000,0.000000000000,0.000000000000,0.000000000000,0.000000000000,0.000000000000,6.500000000000,0.138500000000,0.861500000000,0.000000000000,0.000000000000,1.0000
Briel (2022) - RAPID,0.000000000000,0.000000000000,0.097300000000,0.024500000000,0.002600000000,0.003500000000,0.000000000000,0.000000000000,0.412900000000,0.008800000000,0.420000000000,0.008400000000,0.021900000000,0.000000000000,0.000000000000,0.000000000000,0.000000000000,0.000000000000,0.000000000000,57.100000000000,0.127900000000,0.872000000000,0.000000000000,0.000000000000,0.9999
Briel (2022) - DELAYED,0.000000000000,0.000000000000,0.108800000000,0.029700000000,0.004500000000,0.003200000000,0.000000000000,0.000000000000,0.353500000000,0.012500000000,0.456900000000,0.008500000000,0.022000000000,0.000000000000,0.000000000000,0.000000000000,0.000000000000,0.000000000000,0.000000000000,48.000000000000,0.146200000000,0.853400000000,0.000000000000,0.000000000000,0.9996
Olejak21-M380 (fiducial),0.000000000000,0.000000000000,0.004862236629,0.000000000000,0.000000000000,0.000000000000,0.000000000000,0.000000000000,0.855753646677,0.000000000000,0.000000000000,0.000000000000,0.000000000000,0.000000000000,0.032414910859,0.000000000000,0.000000000000,0.000000000000,0.106969205835,61.700000000000,0.004862236629,0.888168557536,0.000000000000,0.106969205835,1.0000
Olejak21-M480 (changedCEcriteria),0.000000000000,0.000000000000,0.940045248869,0.000000000000,0.000000000000,0.000000000000,0.000000000000,0.000000000000,0.040723981900,0.000000000000,0.000000000000,0.000000000000,0.000000000000,0.000000000000,0.015837104072,0.000000000000,0.000000000000,0.000000000000,0.003393665158,88.400000000000,0.940045248869,0.056561085973,0.000000000000,0.003393665158,1.0000
Olejak21-M481 (changedCEcriteria+switch),0.000000000000,0.000000000000,0.022346368715,0.000000000000,0.000000000000,0.000000000000,0.000000000000,0.000000000000,0.865921787709,0.000000000000,0.000000000000,0.000000000000,0.000000000000,0.000000000000,0.078212290503,0.000000000000,0.000000000000,0.000000000000,0.033519553073,17.900000000000,0.022346368715,0.944134078212,0.000000000000,0.033519553073,1.0000
Boesky_alphaCE_0_1_beta0_25,0.000000000000,0.418875000000,0.000000000000,0.000000000000,0.000000000000,0.000000000000,0.000000000000,0.000000000000,0.075107000000,0.000000000000,0.000000000000,0.000000000000,0.000000000000,0.054321000000,0.000000000000,0.451697000000,0.000000000000,0.000000000000,0.000000000000,71.586510000000,0.418875000000,0.581125000000,0.000000000000,0.000000000000,1.0000
Boesky_alphaCE_0_1_beta0_5,0.000000000000,0.619209000000,0.000000000000,0.000000000000,0.000000000000,0.000000000000,0.000000000000,0.000000000000,0.089882000000,0.000000000000,0.000000000000,0.000000000000,0.000000000000,0.033474000000,0.000000000000,0.257434000000,0.000000000000,0.000000000000,0.000000000000,96.209010000000,0.619209000000,0.380790000000,0.000000000000,0.000000000000,1.0000
Boesky_alphaCE_0_1_beta0_75,0.000000000000,0.794050000000,0.000000000000,0.000000000000,0.000000000000,0.000000000000,0.000000000000,0.000000000000,0.062851000000,0.000000000000,0.000000000000,0.000000000000,0.000000000000,0.053251000000,0.000000000000,0.089848000000,0.000000000000,0.000000000000,0.000000000000,124.177100000000,0.794050000000,0.205950000000,0.000000000000,0.000000000000,1.0000
Boesky_alphaCE_0_5_beta0_25,0.000000000000,0.354362000000,0.000000000000,0.000000000000,0.000000000000,0.000000000000,0.000000000000,0.000000000000,0.085174000000,0.000000000000,0.000000000000,0.000000000000,0.000000000000,0.168537000000,0.000000012300,0.391927000000,0.000000000000,0.000000000000,0.000000000000,80.320910000000,0.354362000000,0.645638012300,0.000000000000,0.000000000000,1.0000
Boesky_alphaCE_0_5_beta0_5,0.000000000000,0.546465000000,0.000000000000,0.000000000000,0.000000000000,0.000000000000,0.000000000000,0.000000000000,0.067707000000,0.000000000000,0.000000000000,0.000000000000,0.000000000000,0.149888000000,0.000000018800,0.235940000000,0.000000000000,0.000000000000,0.000000000000,108.068400000000,0.546465000000,0.453535018800,0.000000000000,0.000000000000,1.0000
Boesky_alphaCE_0_5_beta0_75,0.000000000000,0.715980000000,0.000000000000,0.000000000000,0.000000000000,0.000000000000,0.000000000000,0.000000000000,0.049236000000,0.000000000000,0.000000000000,0.000000000000,0.000000000000,0.114370000000,0.000057600000,0.120357000000,0.000000000000,0.000000000000,0.000000000000,135.443600000000,0.715980000000,0.284020600000,0.000000000000,0.000000000000,1.0000
Boesky_alphaCE_2_beta0_25,0.000000000000,0.191057000000,0.000000000000,0.000000000000,0.000000000000,0.000000000000,0.000000000000,0.000000000000,0.294623000000,0.000000000000,0.000000000000,0.000000000000,0.000000000000,0.256064000000,0.000000130000,0.258256000000,0.000000000000,0.000000000000,0.000000000000,154.495100000000,0.191057000000,0.808943130000,0.000000000000,0.000000000000,1.0000
Boesky_alphaCE_2_beta0_5,0.000000000000,0.366842000000,0.000000000000,0.000000000000,0.000000000000,0.000000000000,0.000000000000,0.000000000000,0.207875000000,0.000000000000,0.000000000000,0.000000000000,0.000000000000,0.209564000000,0.000000023900,0.215720000000,0.000000000000,0.000000000000,0.000000000000,177.394700000000,0.366842000000,0.633159023900,0.000000000000,0.000000000000,1.0000
Boesky_alphaCE_2_beta0_75,0.000000000000,0.579120000000,0.000000000000,0.000000000000,0.000000000000,0.000000000000,0.000000000000,0.000000000000,0.170303000000,0.000000000000,0.000000000000,0.000000000000,0.000000000000,0.121047000000,0.008563000000,0.120967000000,0.000000000000,0.000000000000,0.000000000000,226.724700000000,0.579120000000,0.420880000000,0.000000000000,0.000000000000,1.0000
Boesky_alphaCE_10_beta0_25,0.000000000000,0.374648000000,0.000000000000,0.000000000000,0.000000000000,0.000000000000,0.000000000000,0.000000000000,0.195185000000,0.000000000000,0.000000000000,0.000000000000,0.000000000000,0.147076000000,0.000000259000,0.283091000000,0.000000000000,0.000000000000,0.000000000000,83.220700000000,0.374648000000,0.625352259000,0.000000000000,0.000000000000,1.0000
Boesky_alphaCE_10_beta0_5,0.000000000000,0.556875000000,0.000000000000,0.000000000000,0.000000000000,0.000000000000,0.000000000000,0.000000000000,0.122652000000,0.000000000000,0.000000000000,0.000000000000,0.000000000000,0.126832000000,0.000000089300,0.193640000000,0.000000000000,0.000000000000,0.000000000000,108.798900000000,0.556875000000,0.443124089300,0.000000000000,0.000000000000,1.0000
Boesky_alphaCE_10_beta0_75,0.000000000000,0.775405000000,0.000000000000,0.000000000000,0.000000000000,0.000000000000,0.000000000000,0.000000000000,0.077379000000,0.000000000000,0.000000000000,0.000000000000,0.000000000000,0.080286000000,0.006567000000,0.060363000000,0.000000000000,0.000000000000,0.000000000000,138.816100000000,0.775405000000,0.224595000000,0.000000000000,0.000000000000,1.0000
Boesky_sigma_30_RMP_D,0.000000000000,0.253235000000,0.000000000000,0.000000000000,0.000000000000,0.000000000000,0.000000000000,0.000000000000,0.572543000000,0.000000000000,0.000000000000,0.000000000000,0.000000000000,0.101428000000,0.005451000000,0.067344000000,0.000000000000,0.000000000000,0.000000000000,237.992000000000,0.253235000000,0.746766000000,0.000000000000,0.000000000000,1.0000
Boesky_sigma_30_RMP_M,0.000000000000,0.418591000000,0.000000000000,0.000000000000,0.000000000000,0.000000000000,0.000000000000,0.000000000000,0.436681000000,0.000000000000,0.000000000000,0.000000000000,0.000000000000,0.070117000000,0.002865000000,0.071746000000,0.000000000000,0.000000000000,0.000000000000,433.438700000000,0.418591000000,0.581409000000,0.000000000000,0.000000000000,1.0000
Boesky_sigma_30_RMP_R,0.000000000000,0.307189000000,0.000000000000,0.000000000000,0.000000000000,0.000000000000,0.000000000000,0.000000000000,0.593290000000,0.000000000000,0.000000000000,0.000000000000,0.000000000000,0.058536000000,0.001376000000,0.039609000000,0.000000000000,0.000000000000,0.000000000000,182.849800000000,0.307189000000,0.692811000000,0.000000000000,0.000000000000,1.0000
Boesky_sigma_265_RMP_D,0.000000000000,0.478970000000,0.000000000000,0.000000000000,0.000000000000,0.000000000000,0.000000000000,0.000000000000,0.169253000000,0.000000000000,0.000000000000,0.000000000000,0.000000000000,0.238477000000,0.005946000000,0.107355000000,0.000000000000,0.000000000000,0.000000000000,95.315030000000,0.478970000000,0.521031000000,0.000000000000,0.000000000000,1.0000
Boesky_sigma_265_RMP_M,0.000000000000,0.431210000000,0.000000000000,0.000000000000,0.000000000000,0.000000000000,0.000000000000,0.000000000000,0.091113000000,0.000000000000,0.000000000000,0.000000000000,0.000000000000,0.049584000000,0.018843000000,0.409250000000,0.000000000000,0.000000000000,0.000000000000,19.019460000000,0.431210000000,0.568790000000,0.000000000000,0.000000000000,1.0000
Boesky_sigma_265_RMP_R,0.000000000000,0.435402000000,0.000000000000,0.000000000000,0.000000000000,0.000000000000,0.000000000000,0.000000000000,0.332813000000,0.000000000000,0.000000000000,0.000000000000,0.000000000000,0.155883000000,0.002955000000,0.072947000000,0.000000000000,0.000000000000,0.000000000000,139.386900000000,0.435402000000,0.564598000000,0.000000000000,0.000000000000,1.0000
Boesky_sigma_750_RMP_D,0.000000000000,0.620945000000,0.000000000000,0.000000000000,0.000000000000,0.000000000000,0.000000000000,0.000000000000,0.106020000000,0.000000000000,0.000000000000,0.000000000000,0.000000000000,0.183577000000,0.001290000000,0.088167000000,0.000000000000,0.000000000000,0.000000000000,33.410110000000,0.620945000000,0.379054000000,0.000000000000,0.000000000000,1.0000
Boesky_sigma_750_RMP_M,0.000000000000,0.158628000000,0.000000000000,0.000000000000,0.000000000000,0.000000000000,0.000000000000,0.000000000000,0.017920000000,0.000000000000,0.000000000000,0.000000000000,0.000000000000,0.054162000000,0.022854000000,0.746437000000,0.000000000000,0.000000000000,0.000000000000,0.598765000000,0.158628000000,0.841373000000,0.000000000000,0.000000000000,1.0000
Boesky_sigma_750_RMP_R,0.000000000000,0.508689000000,0.000000000000,0.000000000000,0.000000000000,0.000000000000,0.000000000000,0.000000000000,0.302999000000,0.000000000000,0.000000000000,0.000000000000,0.000000000000,0.109275000000,0.002433000000,0.076603000000,0.000000000000,0.000000000000,0.000000000000,82.639410000000,0.508689000000,0.491310000000,0.000000000000,0.000000000000,1.0000
Hendriks23,0.000000000000,0.400000000000,0.000000000000,0.000000000000,0.000000000000,0.000000000000,0.000000000000,0.600000000000,0.000000000000,0.000000000000,0.000000000000,0.000000000000,0.000000000000,0.000000000000,0.000000000000,0.000000000000,0.000000000000,0.000000000000,0.000000000000,25.000000000000,0.400000000000,0.600000000000,0.000000000000,0.000000000000,1.0000
R25-A-Fiducial,0.000000000000,0.011088415520,0.000000000000,0.000000000000,0.000000000000,0.000000000000,0.000000000000,0.000000000000,0.946308724800,0.000000000000,0.000000000000,0.000000000000,0.000000000000,0.000000000000,0.042602859640,0.000000000000,0.000000000000,0.000000000000,0.000000000000,68.540000000000,0.011088415520,0.988911584440,0.000000000000,0.000000000000,1.0000
R25-B-RMAX,0.000000000000,0.008356985178,0.000000000000,0.000000000000,0.000000000000,0.000000000000,0.000000000000,0.000000000000,0.950488804800,0.000000000000,0.000000000000,0.000000000000,0.000000000000,0.000000000000,0.041154210030,0.000000000000,0.000000000000,0.000000000000,0.000000000000,63.420000000000,0.008356985178,0.991643014830,0.000000000000,0.000000000000,1.0000
R25-C-Conv_ML1.5,0.000000000000,0.042465753420,0.000000000000,0.000000000000,0.000000000000,0.000000000000,0.000000000000,0.000000000000,0.954794520500,0.000000000000,0.000000000000,0.000000000000,0.000000000000,0.000000000000,0.002739726027,0.000000000000,0.000000000000,0.000000000000,0.000000000000,14.600000000000,0.042465753420,0.957534246527,0.000000000000,0.000000000000,1.0000
R25-D-Conv_ML1.5_RMAX,0.000000000000,0.055016181230,0.000000000000,0.000000000000,0.000000000000,0.000000000000,0.000000000000,0.000000000000,0.789644012900,0.000000000000,0.000000000000,0.000000000000,0.000000000000,0.152103559900,0.003236245955,0.000000000000,0.000000000000,0.000000000000,0.000000000000,3.090000000000,0.055016181230,0.944983818755,0.000000000000,0.000000000000,1.0000
R25-E-Conv_ML1.82_MLTpp,0.000000000000,0.000009662676,0.000000000000,0.000000000000,0.000000000000,0.000000000000,0.000000000000,0.000000000000,0.960373365800,0.000000000000,0.000000000000,0.000000000000,0.000000000000,0.003285309834,0.036331661690,0.000000000000,0.000000000000,0.000000000000,0.000000000000,103.491000000000,0.000009662676,0.999990337324,0.000000000000,0.000000000000,1.0000
R25-E-Conv_ML1.82_MLTpp_RMAX,0.000000000000,0.000771604938,0.000000000000,0.000000000000,0.000000000000,0.000000000000,0.000000000000,0.000000000000,0.947016460900,0.000000000000,0.000000000000,0.000000000000,0.000000000000,0.014403292180,0.037808641980,0.000000000000,0.000000000000,0.000000000000,0.000000000000,38.880000000000,0.000771604938,0.999228395060,0.000000000000,0.000000000000,1.0000
R23-A-Fiducial,0.000000000000,0.004614940871,0.000000000000,0.000000000000,0.000000000000,0.000000000000,0.000000000000,0.000000000000,0.961349870200,0.000000000000,0.000000000000,0.000000000000,0.000000000000,0.000576867609,0.033458321320,0.000000000000,0.000000000000,0.000000000000,0.000000000000,69.340000000000,0.004614940871,0.995385059129,0.000000000000,0.000000000000,1.0000
R23-B-RMAX2,0.000000000000,0.003756456409,0.000000000000,0.000000000000,0.000000000000,0.000000000000,0.000000000000,0.000000000000,0.991547973100,0.000000000000,0.000000000000,0.000000000000,0.000000000000,0.003756456409,0.000939114102,0.000000000000,0.000000000000,0.000000000000,0.000000000000,63.890000000000,0.003756456409,0.996243543611,0.000000000000,0.000000000000,1.0000
R23-C-RMAX3,0.000000000000,0.009165902841,0.000000000000,0.000000000000,0.000000000000,0.000000000000,0.000000000000,0.000000000000,0.376718606800,0.000000000000,0.000000000000,0.000000000000,0.000000000000,0.001374885426,0.612740604900,0.000000000000,0.000000000000,0.000000000000,0.000000000000,43.640000000000,0.009165902841,0.990834097126,0.000000000000,0.000000000000,1.0000
R23-D-RMAX4,0.000000000000,0.011467889910,0.000000000000,0.000000000000,0.000000000000,0.000000000000,0.000000000000,0.000000000000,0.890366972500,0.000000000000,0.000000000000,0.000000000000,0.000000000000,0.000917431193,0.097247706420,0.000000000000,0.000000000000,0.000000000000,0.000000000000,21.800000000000,0.011467889910,0.988532110113,0.000000000000,0.000000000000,1.0000
R23-E-RMAX4B,0.000000000000,0.003371130861,0.000000000000,0.000000000000,0.000000000000,0.000000000000,0.000000000000,0.000000000000,0.967054857500,0.000000000000,0.000000000000,0.000000000000,0.000000000000,0.000919399326,0.028654612320,0.000000000000,0.000000000000,0.000000000000,0.000000000000,65.260000000000,0.003371130861,0.996628869146,0.000000000000,0.000000000000,1.0000
Li25-a,0.1194444444,0.1388888889,0.000000000000,0.000000000000,0.000000000000,0.000000000000,0.000000000000,0.7416666667,0.000000000000,0.000000000000,0.000000000000,0.000000000000,0.000000000000,0.000000000000,0.000000000000,0.000000000000,0.000000000000,0.000000000000,0.000000000000,36,0.138888888900,0.741666666700,0.119444444400,0.000000000000,1.0000
Li25-b,0.2458333333,0.1125,0.000000000000,0.000000000000,0.000000000000,0.000000000000,0.000000000000,0.6416666667,0.000000000000,0.000000000000,0.000000000000,0.000000000000,0.000000000000,0.000000000000,0.000000000000,0.000000000000,0.000000000000,0.000000000000,0.000000000000,24,0.112500000000,0.641666666700,0.245833333300,0.000000000000,1.0000
Li25-c,0.1612903226,0.1908602151,0.000000000000,0.000000000000,0.000000000000,0.000000000000,0.000000000000,0.6478494624,0.000000000000,0.000000000000,0.000000000000,0.000000000000,0.000000000000,0.000000000000,0.000000000000,0.000000000000,0.000000000000,0.000000000000,0.000000000000,37.2,0.190860215100,0.647849462400,0.161290322600,0.000000000000,1.0000
Li25-d,0.1079136691,0.1276978417,0.000000000000,0.000000000000,0.000000000000,0.000000000000,0.000000000000,0.7643884892,0.000000000000,0.000000000000,0.000000000000,0.000000000000,0.000000000000,0.000000000000,0.000000000000,0.000000000000,0.000000000000,0.000000000000,0.000000000000,55.6,0.127697841700,0.764388489200,0.107913669100,0.000000000000,1.0000
Li25-e,0.02178899083,0.2385321101,0.000000000000,0.000000000000,0.000000000000,0.000000000000,0.000000000000,0.7396788991,0.000000000000,0.000000000000,0.000000000000,0.000000000000,0.000000000000,0.000000000000,0.000000000000,0.000000000000,0.000000000000,0.000000000000,0.000000000000,87.2,0.238532110100,0.739678899100,0.021788990830,0.000000000000,1.0000
Li25-f,0.07792207792,0.1558441558,0.000000000000,0.000000000000,0.000000000000,0.000000000000,0.000000000000,0.7662337662,0.000000000000,0.000000000000,0.000000000000,0.000000000000,0.000000000000,0.000000000000,0.000000000000,0.000000000000,0.000000000000,0.000000000000,0.000000000000,15.4,0.155844155800,0.766233766200,0.077922077920,0.000000000000,1.0000
Li25-g,0.06097560976,0.09756097561,0.000000000000,0.000000000000,0.000000000000,0.000000000000,0.000000000000,0.8414634146,0.000000000000,0.000000000000,0.000000000000,0.000000000000,0.000000000000,0.000000000000,0.000000000000,0.000000000000,0.000000000000,0.000000000000,0.000000000000,16.4,0.097560975610,0.841463414600,0.060975609760,0.000000000000,1.0000
Li25-h,0.05208333333,0.2604166667,0.000000000000,0.000000000000,0.000000000000,0.000000000000,0.000000000000,0.6875,0.000000000000,0.000000000000,0.000000000000,0.000000000000,0.000000000000,0.000000000000,0.000000000000,0.000000000000,0.000000000000,0.000000000000,0.000000000000,19.2,0.260416666700,0.687500000000,0.052083333330,0.000000000000,1.0000
Li25-i,0.04347826087,0.9223602484,0.000000000000,0.000000000000,0.000000000000,0.000000000000,0.000000000000,0.03416149068,0.000000000000,0.000000000000,0.000000000000,0.000000000000,0.000000000000,0.000000000000,0.000000000000,0.000000000000,0.000000000000,0.000000000000,0.000000000000,96.6,0.922360248400,0.034161490680,0.043478260870,0.000000000000,1.0000
Sgalletta_alpha_1,0,0.06747638327,0,0,0,0,0,0,0.7759784076,0,0,0,0,0.004723346829,0.1518218623,0,0,0,0,296.4,0.067476383270,0.932523616729,0.000000000000,0.000000000000,1.0000
Sgalletta_alpha_0_5,0,0.07824726135,0,0,0,0,0,0,0.7824726135,0,0,0,0,0.01408450704,0.1251956182,0,0,0,0,255.6,0.078247261350,0.921752738740,0.000000000000,0.000000000000,1.0000
Sgalletta_alpha_3,0,0.09837678308,0,0,0,0,0,0,0.7870142646,0,0,0,0,0.0063944909,0.1082144614,0,0,0,0,203.3,0.098376783080,0.901623216900,0.000000000000,0.000000000000,1.0000
Sgalletta_alpha_5,0,0.1388888889,0,0,0,0,0,0,0.7638888889,0,0,0,0,0,0.09722222222,0,0,0,0,144,0.138888888900,0.861111111120,0.000000000000,0.000000000000,1.0000