model,CHE,without CE (no detail specified),SMT before and after channel,channel V intrinsic (z=0) other without CE,channel I intrinsic (z=0) classic CE (SMT+CE),channel III intrinsic (z=0) SCCE,channel IV intrinsic (z=0) DCCE,channel V intrinsic (z=0) other with CE,channel V intrinsic (z=0) CE not specified,All intrinsic (z=0) [Gpc^-3 yr^-1],fraction without common envelope,fraction with common envelope,fraction CHE,fraction not specified
B22-A-fiducial,0.000000000000,0.00000000000,0.00000000000,0.00567482023,0.26195844628,0.00023617782,0.73199604508,0.00013451060,0.00000000000,25.64641765542,0.00567482023,0.99432517977,0.000000000000,0.00000000000
B22-B-beta0-25,0.000000000000,0.00000000000,0.00073043130,0.07232885874,0.92694070996,0.00000000000,0.00000000000,0.00000000000,0.00000000000,20.66768766544,0.07305929004,0.92694070996,0.000000000000,0.00000000000
B22-C-beta0-5,0.000000000000,0.00000000000,0.00000000000,0.01909061484,0.97999422030,0.00000000000,0.00038306844,0.00053209641,0.00000000000,21.99812853808,0.01909061484,0.98090938516,0.000000000000,0.00000000000
B22-D-beta0-75,0.000000000000,0.00000000000,0.00000000000,0.00711406484,0.50252442497,0.00000000000,0.49020388390,0.00015759304,0.00000000000,39.29257423871,0.00711406484,0.99288590191,0.000000000000,0.00000000000
B22-E-unstableBB,0.000000000000,0.00000000000,0.00000000000,0.00000000000,0.96416522532,0.00000000000,0.03583477468,0.00000000000,0.00000000000,0.30317412817,0.00000000000,1.00000000000,0.000000000000,0.00000000000
B22-F-unstableBB-optimistic,0.000000000000,0.00000000000,0.03319628498,0.00988759626,0.87846599621,0.00029667246,0.07815345008,0.00000000000,0.00000000000,37.24628969426,0.04308388125,0.95691611875,0.000000000000,0.00000000000
B22-G-alpha0-1,0.000000000000,0.00000000000,0.00000000000,0.00019759068,0.99784478520,0.00000000000,0.00195762412,0.00000000000,0.00000000000,42.12855580570,0.00019759068,0.99980240932,0.000000000000,0.00000000000
B22-H-alpha0-5,0.000000000000,0.00000000000,0.00000000000,0.00669362167,0.90489747903,0.00000000000,0.08833978883,0.00000000000,0.00000000000,12.34015602153,0.00669362167,0.99323726786,0.000000000000,0.00000000000
B22-I-alpha2,0.000000000000,0.00000000000,0.00000000000,0.00183698025,0.22150156944,0.00260742081,0.77359453757,0.00045949193,0.00000000000,51.70343403909,0.00183698025,0.99816301975,0.000000000000,0.00000000000
B22-J-alpha10,0.000000000000,0.00000000000,0.00089689414,0.00113469801,0.57428951809,0.09499371528,0.32598510406,0.00270007041,0.00000000000,54.81384934198,0.00203159215,0.99796840785,0.000000000000,0.00000000000
B22-K-optimisticCE,0.000000000000,0.00000000000,0.03221471370,0.04177805914,0.51349687813,0.00013274948,0.41143622984,0.00094136971,0.00000000000,45.39872171875,0.07399277284,0.92600722716,0.000000000000,0.00000000000
B22-L-rapid,0.000000000000,0.00000000000,0.00000000000,0.00584369927,0.30342490225,0.00042981136,0.69016759866,0.00013398846,0.00000000000,22.98806507057,0.00584369927,0.99415630073,0.000000000000,0.00000000000
B22-M-max-mNS:2,0.000000000000,0.00000000000,0.00000000000,0.00437041216,0.25871860062,0.00006356938,0.73671199006,0.00013542777,0.00000000000,25.02517806861,0.00437041216,0.99562958784,0.000000000000,0.00000000000
B22-N-max-mNS:3,0.000000000000,0.00000000000,0.00416049314,0.00454209801,0.26540051681,0.00204973307,0.72374907633,0.00009808264,0.00000000000,26.21471583764,0.00870259115,0.99129740885,0.000000000000,0.00000000000
B22-O-noPISN,0.000000000000,0.00000000000,0.00000000000,0.00581202026,0.26189356884,0.00023631482,0.73192322978,0.00013486630,0.00000000000,25.31311040119,0.00581202026,0.99418797974,0.000000000000,0.00000000000
B22-P-sigma:100,0.000000000000,0.00000000000,0.00000000000,0.01680889572,0.29917803661,0.00037334901,0.68352271519,0.00011700347,0.00000000000,47.91068423525,0.01680889572,0.98319110428,0.000000000000,0.00000000000
B22-Q-sigma:30,0.000000000000,0.00000000000,0.00000000000,0.09601861729,0.61414661856,0.00007900668,0.28970594780,0.00004980966,0.00000000000,118.23298981961,0.09601861729,0.90398138271,0.000000000000,0.00000000000
B22-R-noBHkick,0.000000000000,0.00000000000,0.00000000000,0.00467490282,0.27307282437,0.00018029220,0.72179072482,0.00028125579,0.00000000000,25.65135627143,0.00467490282,0.99532509718,0.000000000000,0.00000000000
B22-S-fWR:0-1,0.000000000000,0.00000000000,0.00000000000,0.00409140726,0.25602677970,0.00077085993,0.73901044194,0.00010038242,0.00000000000,24.11792326914,0.00409140726,0.99590846399,0.000000000000,0.00000000000
B22-T-fWR:5,0.000000000000,0.00000000000,0.00000000000,0.00830038409,0.71993586864,0.00007711830,0.27168055237,0.00000607659,0.00000000000,23.84849726852,0.00830038409,0.99169961591,0.000000000000,0.00000000000
Boesky_alphaCE_0_1_beta0_25,0.000000000000,0.00000000000,0.00000000000,0.00000000000,0.00000000000,0.00000000000,0.10764100000,0.89235900000,0.00000000000,38.49317000000,0.00000000000,1.00000000000,0.000000000000,0.00000000000
Boesky_alphaCE_0_1_beta0_5,0.000000000000,0.00000000000,0.00000000000,0.00000000000,0.00000000000,0.00000000000,0.05693200000,0.94306800000,0.00000000000,178.30790000000,0.00000000000,1.00000000000,0.000000000000,0.00000000000
Boesky_alphaCE_0_1_beta0_75,0.000000000000,0.00000000000,0.00000000000,0.00000000000,0.00000000000,0.00033200000,0.07485800000,0.92481000000,0.00000000000,267.67760000000,0.00000000000,1.00000000000,0.000000000000,0.00000000000
Boesky_alphaCE_0_5_beta0_25,0.000000000000,0.00000000000,0.00000000000,0.00000000000,0.00000000000,0.00000000000,0.02098200000,0.97901800000,0.00000000000,75.69589000000,0.00000000000,1.00000000000,0.000000000000,0.00000000000
Boesky_alphaCE_0_5_beta0_5,0.000000000000,0.00000000000,0.00000000000,0.00000000000,0.00000000000,0.00000000000,0.03659700000,0.96340300000,0.00000000000,132.13060000000,0.00000000000,1.00000000000,0.000000000000,0.00000000000
Boesky_alphaCE_0_5_beta0_75,0.000000000000,0.00000000000,0.00000000000,0.00000000000,0.00000000000,0.03919400000,0.04090100000,0.91990500000,0.00000000000,131.32180000000,0.00000000000,1.00000000000,0.000000000000,0.00000000000
Boesky_alphaCE_2_beta0_25,0.000000000000,0.00088800000,0.00000000000,0.00023300000,0.00023300000,0.00554400000,0.25020000000,0.74313500000,0.00000000000,166.77060000000,0.00112100000,0.99911200000,0.000000000000,0.00000000000
Boesky_alphaCE_2_beta0_5,0.000000000000,0.00000000000,0.00000000000,0.00077200000,0.00077200000,0.04581000000,0.17689000000,0.77652800000,0.00000000000,80.03633000000,0.00077200000,1.00000000000,0.000000000000,0.00000000000
Boesky_alphaCE_2_beta0_75,0.000000000000,0.00000000000,0.00000000000,0.00187300000,0.00187300000,0.31739700000,0.11570900000,0.56502100000,0.00000000000,175.78740000000,0.00187300000,1.00000000000,0.000000000000,0.00000000000
Boesky_alphaCE_10_beta0_25,0.000000000000,0.00000000000,0.00000000000,0.05183300000,0.05183300000,0.00000000000,0.34385900000,0.60430800000,0.00000000000,224.12550000000,0.05183300000,1.00000000000,0.000000000000,0.00000000000
Boesky_alphaCE_10_beta0_5,0.000000000000,0.00000000000,0.00000000000,0.07569600000,0.07569600000,0.13659000000,0.13547600000,0.65223800000,0.00000000000,445.09680000000,0.07569600000,1.00000000000,0.000000000000,0.00000000000
Boesky_alphaCE_10_beta0_75,0.000000000000,0.00000000000,0.00000000000,0.03980400000,0.03980400000,0.20834200000,0.13588100000,0.61597300000,0.00000000000,507.43640000000,0.03980400000,1.00000000000,0.000000000000,0.00000000000
Boesky_sigma_30_RMP_D,0.000000000000,0.00000000000,0.00000000000,0.00078100000,0.00078100000,0.04280900000,0.05353200000,0.90287700000,0.00000000000,485.65640000000,0.00078100000,0.99999900000,0.000000000000,0.00000000000
Boesky_sigma_30_RMP_M,0.000000000000,0.00000000000,0.00000000000,0.00000000000,0.00000000000,0.01826900000,0.03898900000,0.94274200000,0.00000000000,299.51050000000,0.00000000000,1.00000000000,0.000000000000,0.00000000000
Boesky_sigma_30_RMP_R,0.000000000000,0.00000000000,0.00000000000,0.00000000000,0.00000000000,0.04638100000,0.05569900000,0.89792000000,0.00000000000,351.17700000000,0.00000000000,1.00000000000,0.000000000000,0.00000000000
Boesky_sigma_265_RMP_D,0.000000000000,0.00000085900,0.00000000000,0.00000000000,0.00000000000,0.15284100000,0.03917800000,0.80798000000,0.00000000000,80.04113000000,0.00000085900,0.99999900000,0.000000000000,0.00000000000
Boesky_sigma_265_RMP_M,0.000000000000,0.00000000000,0.00000000000,0.00000000000,0.00000000000,0.06574000000,0.06387700000,0.87038300000,0.00000000000,58.10322000000,0.00000000000,1.00000000000,0.000000000000,0.00000000000
Boesky_sigma_265_RMP_R,0.000000000000,0.00000000000,0.00000000000,0.00000000000,0.00000000000,0.11205500000,0.02458400000,0.86336100000,0.00000000000,55.42476000000,0.00000000000,1.00000000000,0.000000000000,0.00000000000
Boesky_sigma_750_RMP_D,0.000000000000,0.00000000000,0.00000000000,0.00000000000,0.00000000000,0.05821300000,0.07501300000,0.86677300000,0.00000000000,69.44690000000,0.00000000000,0.99999900000,0.000000000000,0.00000000000
Boesky_sigma_750_RMP_M,0.000000000000,0.00000000000,0.00000000000,0.00000000000,0.00000000000,0.06324500000,0.03174900000,0.90500600000,0.00000000000,53.14658000000,0.00000000000,1.00000000000,0.000000000000,0.00000000000
Boesky_sigma_750_RMP_R,0.000000000000,0.00000000000,0.00000000000,0.00000000000,0.00000000000,0.05792000000,0.02892800000,0.91315300000,0.00000000000,49.36769000000,0.00000000000,1.00000100000,0.000000000000,0.00000000000
Pellouin25,0.000000000000,0.00000000000,0.00000000000,0.00000000000,0.00000000000,0.00000000000,0.96308724832,0.03691275168,0.00000000000,298.00000000000,0.00000000000,1.00000000000,0.000000000000,0.00000000000
R25-A-Fiducial,0.000000000000,0.00125673250,0.00000000000,0.00000000000,0.99856373430,0.00000000000,0.00017953321,0.00000000000,0.00000000000,111.40000000000,0.00125673250,0.99874326751,0.000000000000,0.00000000000
R25-B-RMAX,0.000000000000,0.00079407094,0.00000000000,0.00000000000,0.99779424740,0.00000000000,0.00141168167,0.00000000000,0.00000000000,113.34000000000,0.00079407094,0.99920592907,0.000000000000,0.00000000000
R25-C-Conv_ML1.5,0.000000000000,0.00204347018,0.00000000000,0.00000000000,0.99665613970,0.00000000000,0.00130039012,0.00000000000,0.00000000000,53.83000000000,0.00204347018,0.99795652982,0.000000000000,0.00000000000
R25-D-Conv_ML1.5_RMAX,0.000000000000,0.00000000000,0.00000000000,0.00000000000,0.98790322580,0.01209677419,0.00000000000,0.00000000000,0.00000000000,2.48000000000,0.00000000000,0.99999999999,0.000000000000,0.00000000000
R25-E-Conv_ML1.82_MLTpp,0.000000000000,0.00000000000,0.00000000000,0.00000000000,0.99534613150,0.00465386853,0.00000000000,0.00000000000,0.00000000000,17.19000000000,0.00000000000,1.00000000003,0.000000000000,0.00000000000
R25-E-Conv_ML1.82_MLTpp_RMAX,0.000000000000,0.00000000000,0.00000000000,0.00000000000,0.99683544300,0.00316455696,0.00000000000,0.00000000000,0.00000000000,15.80000000000,0.00000000000,0.99999999996,0.000000000000,0.00000000000
R23-A-Fiducial,0.000000000000,0,0.00000000000,0,0.9975371014,2.40E-03,0.00006315124724,0,0,158.35,0.00000000000,1.00000000004,0.000000000000,0.00000000000
R23-B-RMAX2,0.000000000000,0,0.00000000000,0,0.996752451,3.00E-03,0.0002450980392,0,0,163.2,0.00000000000,1.00000000002,0.000000000000,0.00000000000
R23-C-RMAX3,0.000000000000,0,0.00000000000,0,0.9978150962,2.10E-03,0.00008892050507,0,0,157.444,0.00000000000,1.00000000004,0.000000000000,0.00000000000
R23-D-RMAX4,0.000000000000,0,0.00000000000,0,0.9967516488,2.76E-03,0.0004921744266,0,0,101.59,0.00000000000,1.00000000002,0.000000000000,0.00000000000
R23-E-RMAX4B,0.000000000000,0,0.00000000000,0,0.9976272245,0.001748360912,0.0006244146113,0,0,160.15,0.00000000000,1.00000000002,0.000000000000,0.00000000000