model,link to paper ,year,code,code_abbr,stellar_tracks,label_1,label_2,label_3,label_4,label_author,sigma,sigma_strippedSN,sigma extra,alpha,alpha extra ,beta,CE optimistic/pessimistic,CE prescription,lambda,RMP,RMP extra,PISN prescription,stability ,non-conservativeness AM loss ,Eddington limited accretion CO,f_WR
B22-A-fiducial,https://ui.adsabs.harvard.edu/abs/2021arXiv210302608B/abstract,2022,COMPAS,COMP,SSE,fiducial , , , ,BRO22,265,30,Hobbs 2005,1,,thermal,pessimistic ,standard,Nanjing,F12 delayed,Fryer 2012 delayed http://adsabs.harvard.edu/abs/2012ApJ...749...91F,fit based on Marchant et al. (2019),zeta prescription,,TRUE,
B22-B-beta0-25,https://ui.adsabs.harvard.edu/abs/2021arXiv210302608B/abstract,2022,COMPAS,COMP,SSE,$\beta = 0.25$, , , ,BRO22,265,30,Hobbs 2005,1,,0.25,pessimistic ,standard,Nanjing,F12 delayed,Fryer 2012 delayed http://adsabs.harvard.edu/abs/2012ApJ...749...91F,fit based on Marchant et al. (2019),zeta prescription,,TRUE,
B22-C-beta0-5,https://ui.adsabs.harvard.edu/abs/2021arXiv210302608B/abstract,2022,COMPAS,COMP,SSE,$\beta = 0.5$, , , ,BRO22,265,30,Hobbs 2005,1,,0.5,pessimistic ,standard,Nanjing,F12 delayed,Fryer 2012 delayed http://adsabs.harvard.edu/abs/2012ApJ...749...91F,fit based on Marchant et al. (2019),zeta prescription,,TRUE,
B22-D-beta0-75,https://ui.adsabs.harvard.edu/abs/2021arXiv210302608B/abstract,2022,COMPAS,COMP,SSE,$\beta = 0.75$, , , ,BRO22,265,30,Hobbs 2005,1,,0.75,pessimistic ,standard,Nanjing,F12 delayed,Fryer 2012 delayed http://adsabs.harvard.edu/abs/2012ApJ...749...91F,fit based on Marchant et al. (2019),zeta prescription,,TRUE,
B22-E-unstableBB,https://ui.adsabs.harvard.edu/abs/2021arXiv210302608B/abstract,2022,COMPAS,COMP,SSE,UcaseBB,  ,  ,  ,BRO22,265,30,Hobbs 2005,1,,thermal,pessimistic ,standard,Nanjing,F12 delayed,Fryer 2012 delayed http://adsabs.harvard.edu/abs/2012ApJ...749...91F,fit based on Marchant et al. (2019),zeta prescription,,TRUE,
B22-F-unstableBB-optimistic,https://ui.adsabs.harvard.edu/abs/2021arXiv210302608B/abstract,2022,COMPAS,COMP,SSE,UcaseBB,optCE, , ,BRO22,265,30,Hobbs 2005,1,,thermal,optimistic,standard,Nanjing,F12 delayed,Fryer 2012 delayed http://adsabs.harvard.edu/abs/2012ApJ...749...91F,fit based on Marchant et al. (2019),zeta prescription,,TRUE,
B22-G-alpha0-1,https://ui.adsabs.harvard.edu/abs/2021arXiv210302608B/abstract,2022,COMPAS,COMP,SSE,$\alpha = 0.1$, , , ,BRO22,265,30,Hobbs 2005,0.1,,thermal,pessimistic ,standard,Nanjing,F12 delayed,Fryer 2012 delayed http://adsabs.harvard.edu/abs/2012ApJ...749...91F,fit based on Marchant et al. (2019),zeta prescription,,TRUE,
B22-H-alpha0-5,https://ui.adsabs.harvard.edu/abs/2021arXiv210302608B/abstract,2022,COMPAS,COMP,SSE,$\alpha = 0.5$, , , ,BRO22,265,30,Hobbs 2005,0.5,,thermal,pessimistic ,standard,Nanjing,F12 delayed,Fryer 2012 delayed http://adsabs.harvard.edu/abs/2012ApJ...749...91F,fit based on Marchant et al. (2019),zeta prescription,,TRUE,
B22-I-alpha2,https://ui.adsabs.harvard.edu/abs/2021arXiv210302608B/abstract,2022,COMPAS,COMP,SSE,$\alpha = 2$, , , ,BRO22,265,30,Hobbs 2005,2,,thermal,pessimistic ,standard,Nanjing,F12 delayed,Fryer 2012 delayed http://adsabs.harvard.edu/abs/2012ApJ...749...91F,fit based on Marchant et al. (2019),zeta prescription,,TRUE,
B22-J-alpha10,https://ui.adsabs.harvard.edu/abs/2021arXiv210302608B/abstract,2022,COMPAS,COMP,SSE,$\alpha = 10$, , , ,BRO22,265,30,Hobbs 2005,10,,thermal,pessimistic ,standard,Nanjing,F12 delayed,Fryer 2012 delayed http://adsabs.harvard.edu/abs/2012ApJ...749...91F,fit based on Marchant et al. (2019),zeta prescription,,TRUE,
B22-K-optimisticCE,https://ui.adsabs.harvard.edu/abs/2021arXiv210302608B/abstract,2022,COMPAS,COMP,SSE,optCE, , , ,BRO22,265,30,Hobbs 2005,1,,thermal,optimistic,standard,Nanjing,F12 delayed,Fryer 2012 delayed http://adsabs.harvard.edu/abs/2012ApJ...749...91F,fit based on Marchant et al. (2019),zeta prescription,,TRUE,
B22-L-rapid,https://ui.adsabs.harvard.edu/abs/2021arXiv210302608B/abstract,2022,COMPAS,COMP,SSE,rapid SN, , , ,BRO22,265,30,Hobbs 2005,1,,thermal,pessimistic ,standard,Nanjing,F12 rapid,Fryer 2012 delayed http://adsabs.harvard.edu/abs/2012ApJ...749...91F,fit based on Marchant et al. (2019),zeta prescription,,TRUE,
B22-M-max-mNS:2,https://ui.adsabs.harvard.edu/abs/2021arXiv210302608B/abstract,2022,COMPAS,COMP,SSE,"$m_{\rm{NS}} \leq 2\,M_{\odot} $", , , ,BRO22,265,30,Hobbs 2005,1,,thermal,pessimistic ,standard,Nanjing,F12 delayed,Fryer 2012 delayed http://adsabs.harvard.edu/abs/2012ApJ...749...91F,fit based on Marchant et al. (2019),zeta prescription,,TRUE,
B22-N-max-mNS:3,https://ui.adsabs.harvard.edu/abs/2021arXiv210302608B/abstract,2022,COMPAS,COMP,SSE,"$m_{\rm{NS}} \leq 3\,M_{\odot} $", ,  ,  ,BRO22,265,30,Hobbs 2005,1,,thermal,pessimistic ,standard,Nanjing,F12 delayed,Fryer 2012 delayed http://adsabs.harvard.edu/abs/2012ApJ...749...91F,fit based on Marchant et al. (2019),zeta prescription,,TRUE,
B22-O-noPISN,https://ui.adsabs.harvard.edu/abs/2021arXiv210302608B/abstract,2022,COMPAS,COMP,SSE,no PISN , , , ,BRO22,265,30,Hobbs 2005,1,,thermal,pessimistic ,standard,Nanjing,F12 delayed,Fryer 2012 delayed http://adsabs.harvard.edu/abs/2012ApJ...749...91F,no PISN,zeta prescription,,TRUE,
B22-P-sigma:100,https://ui.adsabs.harvard.edu/abs/2021arXiv210302608B/abstract,2022,COMPAS,COMP,SSE,$\sigma = 100$, , , ,BRO22,100,100,Hobbs 2005,1,,thermal,pessimistic ,standard,Nanjing,F12 delayed,Fryer 2012 delayed http://adsabs.harvard.edu/abs/2012ApJ...749...91F,fit based on Marchant et al. (2019),zeta prescription,,TRUE,
B22-Q-sigma:30,https://ui.adsabs.harvard.edu/abs/2021arXiv210302608B/abstract,2022,COMPAS,COMP,SSE,$\sigma = 30$, , , ,BRO22,30,30,Hobbs 2005,1,,thermal,pessimistic ,standard,Nanjing,F12 delayed,Fryer 2012 delayed http://adsabs.harvard.edu/abs/2012ApJ...749...91F,fit based on Marchant et al. (2019),zeta prescription,,TRUE,
B22-R-noBHkick,https://ui.adsabs.harvard.edu/abs/2021arXiv210302608B/abstract,2022,COMPAS,COMP,SSE,no BH kick, , , ,BRO22,0,0,Hobbs 2005,1,,thermal,pessimistic ,standard,Nanjing,F12 delayed,Fryer 2012 delayed http://adsabs.harvard.edu/abs/2012ApJ...749...91F,fit based on Marchant et al. (2019),zeta prescription,,TRUE,
B22-S-fWR:0-1,https://ui.adsabs.harvard.edu/abs/2021arXiv210302608B/abstract,2022,COMPAS,COMP,SSE,$f_{WR} = 0.1$, ,  ,  ,BRO22,265,30,Hobbs 2005,1,,thermal,pessimistic ,standard,Nanjing,F12 delayed,Fryer 2012 delayed http://adsabs.harvard.edu/abs/2012ApJ...749...91F,fit based on Marchant et al. (2019),zeta prescription,,TRUE,
B22-T-fWR:5,https://ui.adsabs.harvard.edu/abs/2021arXiv210302608B/abstract,2022,COMPAS,COMP,SSE,$f_{WR} = 5$, , , ,BRO22,265,30,Hobbs 2005,1,,thermal,pessimistic ,standard,Nanjing,F12 delayed,Fryer 2012 delayed http://adsabs.harvard.edu/abs/2012ApJ...749...91F,fit based on Marchant et al. (2019),zeta prescription,,TRUE,
B21-alpha0-2,https://arxiv.org/pdf/2010.16333,2021,POSYDON,POSY,MESA,$\alpha = 0.2$, , , ,BA21,265,,Hobbs 2005,0.2,,,pessimistic,standard,,F12 delayed,Fryer 2012 delayed http://adsabs.harvard.edu/abs/2012ApJ...749...91F,fit based on Marchant et al. (2019),"The stability of Roche-lobe overflow mass transfer is determined by the rate at which the Roche-lobe radius is changing as a result of mass-transfer d log(RL)/d log(m) to the response of the radius of a star as its mass is changing d log(R∗)/d log(m). We use the approximation of Eggleton (1983) for the Roche-lobe radius while we approximate the radial response of the star depending on its stellar type. We adopt the values assumed in Neijssel et al. (2019); Bavera et al. (2020). The stability of the mass transfer can then be determined by solving this equation with respect to the critical mass ratio, defined as qcrit = mdonor/maccretor. For MS stars we use d log(R∗)/d log(m) = 2.0 which correspond to qcrit ' 1.72 while for HG stars d log(R∗)/d log(m) = 6.5 which correspond to qcrit ' 3.83 (Ge et al. 2015). For stars on the GB and AGB we use fits from Hjellming & Webbink (1987). For stripped stars we adopt qcrit as in Claeys et al. (2014). Different choices of qcrit, especially for GB and AGB stars have an impact on the parameter space that leads to the formation of BBHs, hence on the merger rate, see Sec. 4.3 for a discussion of this uncertainty.",Hurley (2002) AM of accretor ,TRUE,
B21-alpha0-35,https://arxiv.org/pdf/2010.16333,2021,POSYDON,POSY,MESA,$\alpha = 0.35$, , , ,BA21,265,,Hobbs 2005,0.35,,,pessimistic,standard,,F12 delayed,Fryer 2012 delayed http://adsabs.harvard.edu/abs/2012ApJ...749...91F,fit based on Marchant et al. (2019),"The stability of Roche-lobe overflow mass transfer is determined by the rate at which the Roche-lobe radius is changing as a result of mass-transfer d log(RL)/d log(m) to the response of the radius of a star as its mass is changing d log(R∗)/d log(m). We use the approximation of Eggleton (1983) for the Roche-lobe radius while we approximate the radial response of the star depending on its stellar type. We adopt the values assumed in Neijssel et al. (2019); Bavera et al. (2020). The stability of the mass transfer can then be determined by solving this equation with respect to the critical mass ratio, defined as qcrit = mdonor/maccretor. For MS stars we use d log(R∗)/d log(m) = 2.0 which correspond to qcrit ' 1.72 while for HG stars d log(R∗)/d log(m) = 6.5 which correspond to qcrit ' 3.83 (Ge et al. 2015). For stars on the GB and AGB we use fits from Hjellming & Webbink (1987). For stripped stars we adopt qcrit as in Claeys et al. (2014). Different choices of qcrit, especially for GB and AGB stars have an impact on the parameter space that leads to the formation of BBHs, hence on the merger rate, see Sec. 4.3 for a discussion of this uncertainty.",Hurley (2002) AM of accretor ,TRUE,
B21-alpha0-5,https://arxiv.org/pdf/2010.16333,2021,POSYDON,POSY,MESA,$\alpha = 0.5$, , , ,BA21,265,,Hobbs 2005,0.5,,,pessimistic,standard,,F12 delayed,Fryer 2012 delayed http://adsabs.harvard.edu/abs/2012ApJ...749...91F,fit based on Marchant et al. (2019),"The stability of Roche-lobe overflow mass transfer is determined by the rate at which the Roche-lobe radius is changing as a result of mass-transfer d log(RL)/d log(m) to the response of the radius of a star as its mass is changing d log(R∗)/d log(m). We use the approximation of Eggleton (1983) for the Roche-lobe radius while we approximate the radial response of the star depending on its stellar type. We adopt the values assumed in Neijssel et al. (2019); Bavera et al. (2020). The stability of the mass transfer can then be determined by solving this equation with respect to the critical mass ratio, defined as qcrit = mdonor/maccretor. For MS stars we use d log(R∗)/d log(m) = 2.0 which correspond to qcrit ' 1.72 while for HG stars d log(R∗)/d log(m) = 6.5 which correspond to qcrit ' 3.83 (Ge et al. 2015). For stars on the GB and AGB we use fits from Hjellming & Webbink (1987). For stripped stars we adopt qcrit as in Claeys et al. (2014). Different choices of qcrit, especially for GB and AGB stars have an impact on the parameter space that leads to the formation of BBHs, hence on the merger rate, see Sec. 4.3 for a discussion of this uncertainty.",Hurley (2002) AM of accretor ,TRUE,
B21-alpha0-75,https://arxiv.org/pdf/2010.16333,2021,POSYDON,POSY,MESA,$\alpha = 0.75$, , , ,BA21,265,,Hobbs 2005,0.75,,,pessimistic,standard,,F12 delayed,Fryer 2012 delayed http://adsabs.harvard.edu/abs/2012ApJ...749...91F,fit based on Marchant et al. (2019),"The stability of Roche-lobe overflow mass transfer is determined by the rate at which the Roche-lobe radius is changing as a result of mass-transfer d log(RL)/d log(m) to the response of the radius of a star as its mass is changing d log(R∗)/d log(m). We use the approximation of Eggleton (1983) for the Roche-lobe radius while we approximate the radial response of the star depending on its stellar type. We adopt the values assumed in Neijssel et al. (2019); Bavera et al. (2020). The stability of the mass transfer can then be determined by solving this equation with respect to the critical mass ratio, defined as qcrit = mdonor/maccretor. For MS stars we use d log(R∗)/d log(m) = 2.0 which correspond to qcrit ' 1.72 while for HG stars d log(R∗)/d log(m) = 6.5 which correspond to qcrit ' 3.83 (Ge et al. 2015). For stars on the GB and AGB we use fits from Hjellming & Webbink (1987). For stripped stars we adopt qcrit as in Claeys et al. (2014). Different choices of qcrit, especially for GB and AGB stars have an impact on the parameter space that leads to the formation of BBHs, hence on the merger rate, see Sec. 4.3 for a discussion of this uncertainty.",Hurley (2002) AM of accretor ,TRUE,
B21-alpha1,https://arxiv.org/pdf/2010.16333,2021,POSYDON,POSY,MESA,$\alpha = 1$, , , ,BA21,265,,Hobbs 2005,1,,,pessimistic,standard,,F12 delayed,Fryer 2012 delayed http://adsabs.harvard.edu/abs/2012ApJ...749...91F,fit based on Marchant et al. (2019),"The stability of Roche-lobe overflow mass transfer is determined by the rate at which the Roche-lobe radius is changing as a result of mass-transfer d log(RL)/d log(m) to the response of the radius of a star as its mass is changing d log(R∗)/d log(m). We use the approximation of Eggleton (1983) for the Roche-lobe radius while we approximate the radial response of the star depending on its stellar type. We adopt the values assumed in Neijssel et al. (2019); Bavera et al. (2020). The stability of the mass transfer can then be determined by solving this equation with respect to the critical mass ratio, defined as qcrit = mdonor/maccretor. For MS stars we use d log(R∗)/d log(m) = 2.0 which correspond to qcrit ' 1.72 while for HG stars d log(R∗)/d log(m) = 6.5 which correspond to qcrit ' 3.83 (Ge et al. 2015). For stars on the GB and AGB we use fits from Hjellming & Webbink (1987). For stripped stars we adopt qcrit as in Claeys et al. (2014). Different choices of qcrit, especially for GB and AGB stars have an impact on the parameter space that leads to the formation of BBHs, hence on the merger rate, see Sec. 4.3 for a discussion of this uncertainty.",Hurley (2002) AM of accretor ,TRUE,
B21-alpha2,https://arxiv.org/pdf/2010.16333,2021,POSYDON,POSY,MESA,$\alpha = 2$, , , ,BA21,265,,Hobbs 2005,2,,,pessimistic,standard,,F12 delayed,Fryer 2012 delayed http://adsabs.harvard.edu/abs/2012ApJ...749...91F,fit based on Marchant et al. (2019),"The stability of Roche-lobe overflow mass transfer is determined by the rate at which the Roche-lobe radius is changing as a result of mass-transfer d log(RL)/d log(m) to the response of the radius of a star as its mass is changing d log(R∗)/d log(m). We use the approximation of Eggleton (1983) for the Roche-lobe radius while we approximate the radial response of the star depending on its stellar type. We adopt the values assumed in Neijssel et al. (2019); Bavera et al. (2020). The stability of the mass transfer can then be determined by solving this equation with respect to the critical mass ratio, defined as qcrit = mdonor/maccretor. For MS stars we use d log(R∗)/d log(m) = 2.0 which correspond to qcrit ' 1.72 while for HG stars d log(R∗)/d log(m) = 6.5 which correspond to qcrit ' 3.83 (Ge et al. 2015). For stars on the GB and AGB we use fits from Hjellming & Webbink (1987). For stripped stars we adopt qcrit as in Claeys et al. (2014). Different choices of qcrit, especially for GB and AGB stars have an impact on the parameter space that leads to the formation of BBHs, hence on the merger rate, see Sec. 4.3 for a discussion of this uncertainty.",Hurley (2002) AM of accretor ,TRUE,
B21-alpha5,https://arxiv.org/pdf/2010.16333,2021,POSYDON,POSY,MESA,$\alpha = 5$, , , ,BA21,265,,Hobbs 2005,5,,,pessimistic,standard,,F12 delayed,Fryer 2012 delayed http://adsabs.harvard.edu/abs/2012ApJ...749...91F,fit based on Marchant et al. (2019),"The stability of Roche-lobe overflow mass transfer is determined by the rate at which the Roche-lobe radius is changing as a result of mass-transfer d log(RL)/d log(m) to the response of the radius of a star as its mass is changing d log(R∗)/d log(m). We use the approximation of Eggleton (1983) for the Roche-lobe radius while we approximate the radial response of the star depending on its stellar type. We adopt the values assumed in Neijssel et al. (2019); Bavera et al. (2020). The stability of the mass transfer can then be determined by solving this equation with respect to the critical mass ratio, defined as qcrit = mdonor/maccretor. For MS stars we use d log(R∗)/d log(m) = 2.0 which correspond to qcrit ' 1.72 while for HG stars d log(R∗)/d log(m) = 6.5 which correspond to qcrit ' 3.83 (Ge et al. 2015). For stars on the GB and AGB we use fits from Hjellming & Webbink (1987). For stripped stars we adopt qcrit as in Claeys et al. (2014). Different choices of qcrit, especially for GB and AGB stars have an impact on the parameter space that leads to the formation of BBHs, hence on the merger rate, see Sec. 4.3 for a discussion of this uncertainty.",Hurley (2002) AM of accretor ,TRUE,
B21-eddington-1E3,https://arxiv.org/pdf/2010.16333,2021,POSYDON,POSY,MESA,$10^3 \times \dot{m}_{\rm{E}}$ , , , ,BA21,265,,Hobbs 2005,1,,,pessimistic,standard,,F12 delayed,Fryer 2012 delayed http://adsabs.harvard.edu/abs/2012ApJ...749...91F,fit based on Marchant et al. (2019),"The stability of Roche-lobe overflow mass transfer is determined by the rate at which the Roche-lobe radius is changing as a result of mass-transfer d log(RL)/d log(m) to the response of the radius of a star as its mass is changing d log(R∗)/d log(m). We use the approximation of Eggleton (1983) for the Roche-lobe radius while we approximate the radial response of the star depending on its stellar type. We adopt the values assumed in Neijssel et al. (2019); Bavera et al. (2020). The stability of the mass transfer can then be determined by solving this equation with respect to the critical mass ratio, defined as qcrit = mdonor/maccretor. For MS stars we use d log(R∗)/d log(m) = 2.0 which correspond to qcrit ' 1.72 while for HG stars d log(R∗)/d log(m) = 6.5 which correspond to qcrit ' 3.83 (Ge et al. 2015). For stars on the GB and AGB we use fits from Hjellming & Webbink (1987). For stripped stars we adopt qcrit as in Claeys et al. (2014). Different choices of qcrit, especially for GB and AGB stars have an impact on the parameter space that leads to the formation of BBHs, hence on the merger rate, see Sec. 4.3 for a discussion of this uncertainty.",Hurley (2002) AM of accretor ,adjusted,
B21-eddington-1E5,https://arxiv.org/pdf/2010.16333,2021,POSYDON,POSY,MESA,$10^6 \times \dot{m}_{\rm{E}}$ , , , ,BA21,265,,Hobbs 2005,1,,,pessimistic,standard,,F12 delayed,Fryer 2012 delayed http://adsabs.harvard.edu/abs/2012ApJ...749...91F,fit based on Marchant et al. (2019),"The stability of Roche-lobe overflow mass transfer is determined by the rate at which the Roche-lobe radius is changing as a result of mass-transfer d log(RL)/d log(m) to the response of the radius of a star as its mass is changing d log(R∗)/d log(m). We use the approximation of Eggleton (1983) for the Roche-lobe radius while we approximate the radial response of the star depending on its stellar type. We adopt the values assumed in Neijssel et al. (2019); Bavera et al. (2020). The stability of the mass transfer can then be determined by solving this equation with respect to the critical mass ratio, defined as qcrit = mdonor/maccretor. For MS stars we use d log(R∗)/d log(m) = 2.0 which correspond to qcrit ' 1.72 while for HG stars d log(R∗)/d log(m) = 6.5 which correspond to qcrit ' 3.83 (Ge et al. 2015). For stars on the GB and AGB we use fits from Hjellming & Webbink (1987). For stripped stars we adopt qcrit as in Claeys et al. (2014). Different choices of qcrit, especially for GB and AGB stars have an impact on the parameter space that leads to the formation of BBHs, hence on the merger rate, see Sec. 4.3 for a discussion of this uncertainty.",Hurley (2002) AM of accretor ,adjusted,
B21-eddington-1E9,https://arxiv.org/pdf/2010.16333,2021,POSYDON,POSY,MESA,$10^9 \times \dot{m}_{\rm{E}}$ , , , ,BA21,265,,Hobbs 2005,1,,,pessimistic,standard,,F12 delayed,Fryer 2012 delayed http://adsabs.harvard.edu/abs/2012ApJ...749...91F,fit based on Marchant et al. (2019),"The stability of Roche-lobe overflow mass transfer is determined by the rate at which the Roche-lobe radius is changing as a result of mass-transfer d log(RL)/d log(m) to the response of the radius of a star as its mass is changing d log(R∗)/d log(m). We use the approximation of Eggleton (1983) for the Roche-lobe radius while we approximate the radial response of the star depending on its stellar type. We adopt the values assumed in Neijssel et al. (2019); Bavera et al. (2020). The stability of the mass transfer can then be determined by solving this equation with respect to the critical mass ratio, defined as qcrit = mdonor/maccretor. For MS stars we use d log(R∗)/d log(m) = 2.0 which correspond to qcrit ' 1.72 while for HG stars d log(R∗)/d log(m) = 6.5 which correspond to qcrit ' 3.83 (Ge et al. 2015). For stars on the GB and AGB we use fits from Hjellming & Webbink (1987). For stripped stars we adopt qcrit as in Claeys et al. (2014). Different choices of qcrit, especially for GB and AGB stars have an impact on the parameter space that leads to the formation of BBHs, hence on the merger rate, see Sec. 4.3 for a discussion of this uncertainty.",Hurley (2002) AM of accretor ,adjusted,
B21-noRLOFatZAMS,https://arxiv.org/pdf/2010.16333,2021,POSYDON,POSY,MESA,no MT ZAMS, , , ,BA21,265,,Hobbs 2005,1,,,pessimistic,standard,,F12 delayed,Fryer 2012 delayed http://adsabs.harvard.edu/abs/2012ApJ...749...91F,fit based on Marchant et al. (2019),"The stability of Roche-lobe overflow mass transfer is determined by the rate at which the Roche-lobe radius is changing as a result of mass-transfer d log(RL)/d log(m) to the response of the radius of a star as its mass is changing d log(R∗)/d log(m). We use the approximation of Eggleton (1983) for the Roche-lobe radius while we approximate the radial response of the star depending on its stellar type. We adopt the values assumed in Neijssel et al. (2019); Bavera et al. (2020). The stability of the mass transfer can then be determined by solving this equation with respect to the critical mass ratio, defined as qcrit = mdonor/maccretor. For MS stars we use d log(R∗)/d log(m) = 2.0 which correspond to qcrit ' 1.72 while for HG stars d log(R∗)/d log(m) = 6.5 which correspond to qcrit ' 3.83 (Ge et al. 2015). For stars on the GB and AGB we use fits from Hjellming & Webbink (1987). For stripped stars we adopt qcrit as in Claeys et al. (2014). Different choices of qcrit, especially for GB and AGB stars have an impact on the parameter space that leads to the formation of BBHs, hence on the merger rate, see Sec. 4.3 for a discussion of this uncertainty.",Hurley (2002) AM of accretor ,TRUE,
B21-logU-SanaPrior,https://arxiv.org/pdf/2010.16333,2021,POSYDON,POSY,MESA,logU prior, , , ,BA21,265,,Hobbs 2005,1,,,pessimistic,standard,,F12 delayed,Fryer 2012 delayed http://adsabs.harvard.edu/abs/2012ApJ...749...91F,fit based on Marchant et al. (2019),"The stability of Roche-lobe overflow mass transfer is determined by the rate at which the Roche-lobe radius is changing as a result of mass-transfer d log(RL)/d log(m) to the response of the radius of a star as its mass is changing d log(R∗)/d log(m). We use the approximation of Eggleton (1983) for the Roche-lobe radius while we approximate the radial response of the star depending on its stellar type. We adopt the values assumed in Neijssel et al. (2019); Bavera et al. (2020). The stability of the mass transfer can then be determined by solving this equation with respect to the critical mass ratio, defined as qcrit = mdonor/maccretor. For MS stars we use d log(R∗)/d log(m) = 2.0 which correspond to qcrit ' 1.72 while for HG stars d log(R∗)/d log(m) = 6.5 which correspond to qcrit ' 3.83 (Ge et al. 2015). For stars on the GB and AGB we use fits from Hjellming & Webbink (1987). For stripped stars we adopt qcrit as in Claeys et al. (2014). Different choices of qcrit, especially for GB and AGB stars have an impact on the parameter space that leads to the formation of BBHs, hence on the merger rate, see Sec. 4.3 for a discussion of this uncertainty.",Hurley (2002) AM of accretor ,TRUE,
B21-logU-noRLOFatZAMS,https://arxiv.org/pdf/2010.16333,2021,POSYDON,POSY,MESA,logU prior,no MT ZAMS, , ,BA21,265,,Hobbs 2005,1,,,pessimistic,standard,,F12 delayed,Fryer 2012 delayed http://adsabs.harvard.edu/abs/2012ApJ...749...91F,fit based on Marchant et al. (2019),"The stability of Roche-lobe overflow mass transfer is determined by the rate at which the Roche-lobe radius is changing as a result of mass-transfer d log(RL)/d log(m) to the response of the radius of a star as its mass is changing d log(R∗)/d log(m). We use the approximation of Eggleton (1983) for the Roche-lobe radius while we approximate the radial response of the star depending on its stellar type. We adopt the values assumed in Neijssel et al. (2019); Bavera et al. (2020). The stability of the mass transfer can then be determined by solving this equation with respect to the critical mass ratio, defined as qcrit = mdonor/maccretor. For MS stars we use d log(R∗)/d log(m) = 2.0 which correspond to qcrit ' 1.72 while for HG stars d log(R∗)/d log(m) = 6.5 which correspond to qcrit ' 3.83 (Ge et al. 2015). For stars on the GB and AGB we use fits from Hjellming & Webbink (1987). For stripped stars we adopt qcrit as in Claeys et al. (2014). Different choices of qcrit, especially for GB and AGB stars have an impact on the parameter space that leads to the formation of BBHs, hence on the merger rate, see Sec. 4.3 for a discussion of this uncertainty.",Hurley (2002) AM of accretor ,TRUE,
B21-qcrit-Claeys,https://arxiv.org/pdf/2010.16333,2021,POSYDON,POSY,MESA,Claeys $q_{\rm{crit}}$, , , ,BA21,265,,Hobbs 2005,1,,,pessimistic,standard,,F12 delayed,Fryer 2012 delayed http://adsabs.harvard.edu/abs/2012ApJ...749...91F,fit based on Marchant et al. (2019),"The stability of Roche-lobe overflow mass transfer is determined by the rate at which the Roche-lobe radius is changing as a result of mass-transfer d log(RL)/d log(m) to the response of the radius of a star as its mass is changing d log(R∗)/d log(m). We use the approximation of Eggleton (1983) for the Roche-lobe radius while we approximate the radial response of the star depending on its stellar type. We adopt the values assumed in Neijssel et al. (2019); Bavera et al. (2020). The stability of the mass transfer can then be determined by solving this equation with respect to the critical mass ratio, defined as qcrit = mdonor/maccretor. For MS stars we use d log(R∗)/d log(m) = 2.0 which correspond to qcrit ' 1.72 while for HG stars d log(R∗)/d log(m) = 6.5 which correspond to qcrit ' 3.83 (Ge et al. 2015). For stars on the GB and AGB we use fits from Hjellming & Webbink (1987). For stripped stars we adopt qcrit as in Claeys et al. (2014). Different choices of qcrit, especially for GB and AGB stars have an impact on the parameter space that leads to the formation of BBHs, hence on the merger rate, see Sec. 4.3 for a discussion of this uncertainty.",Hurley (2002) AM of accretor ,TRUE,
B21-qcrit-Belczynski,https://arxiv.org/pdf/2010.16333,2021,POSYDON,POSY,MESA,Belcz $q_{\rm{crit}}$, ,  ,  ,BA21,265,,Hobbs 2005,1,,,pessimistic,standard,,F12 delayed,Fryer 2012 delayed http://adsabs.harvard.edu/abs/2012ApJ...749...91F,fit based on Marchant et al. (2019),"The stability of Roche-lobe overflow mass transfer is determined by the rate at which the Roche-lobe radius is changing as a result of mass-transfer d log(RL)/d log(m) to the response of the radius of a star as its mass is changing d log(R∗)/d log(m). We use the approximation of Eggleton (1983) for the Roche-lobe radius while we approximate the radial response of the star depending on its stellar type. We adopt the values assumed in Neijssel et al. (2019); Bavera et al. (2020). The stability of the mass transfer can then be determined by solving this equation with respect to the critical mass ratio, defined as qcrit = mdonor/maccretor. For MS stars we use d log(R∗)/d log(m) = 2.0 which correspond to qcrit ' 1.72 while for HG stars d log(R∗)/d log(m) = 6.5 which correspond to qcrit ' 3.83 (Ge et al. 2015). For stars on the GB and AGB we use fits from Hjellming & Webbink (1987). For stripped stars we adopt qcrit as in Claeys et al. (2014). Different choices of qcrit, especially for GB and AGB stars have an impact on the parameter space that leads to the formation of BBHs, hence on the merger rate, see Sec. 4.3 for a discussion of this uncertainty.",Hurley (2002) AM of accretor ,TRUE,
RG21-SN:N20,https://ui.adsabs.harvard.edu/abs/2021ApJ...912L..23R/abstract,2021,POSYDON,POSY,MESA,N20 SN, , , ,RG21,  ,,Hobbs 2005,  ,,,,,,  ,,,,,,
RG21-SN:rapid,https://ui.adsabs.harvard.edu/abs/2021ApJ...912L..23R/abstract,2021,POSYDON,POSY,MESA,rapid SN, , , ,RG21, ,,Hobbs 2005, ,,,,,, ,,,,,,
RG21-SN:delayed,https://ui.adsabs.harvard.edu/abs/2021ApJ...912L..23R/abstract,2021,POSYDON,POSY,MESA,delayed SN, , , ,RG21, ,,Hobbs 2005, ,,,,,, ,,,,,,
RG21-ESCN:Full-SN:N20,https://ui.adsabs.harvard.edu/abs/2021ApJ...912L..23R/abstract,2021,POSYDON,POSY,MESA,N20 SN,Full ECSN, , ,RG21, ,,Hobbs 2005, ,,,,,, ,,,,,,
RG21-ESCN:Full-SN:rapid,https://ui.adsabs.harvard.edu/abs/2021ApJ...912L..23R/abstract,2021,POSYDON,POSY,MESA,rapid SN,Full ECSN, , ,RG21, ,,Hobbs 2005, ,,,,,, ,,,,,,
RG21-ECSN:Full-SN:delayed,https://ui.adsabs.harvard.edu/abs/2021ApJ...912L..23R/abstract,2021,POSYDON,POSY,MESA,delayed SN,Full ECSN, , ,RG21, ,,Hobbs 2005, ,,,,,, ,,,,,,
RG21-noBHkick-SN:N20,https://ui.adsabs.harvard.edu/abs/2021ApJ...912L..23R/abstract,2021,POSYDON,POSY,MESA,N20 SN,no BH kick , , ,RG21, ,,Hobbs 2005, ,,,,,, ,,,,,,
RG21-noBHkick-SN:rapid,https://ui.adsabs.harvard.edu/abs/2021ApJ...912L..23R/abstract,2021,POSYDON,POSY,MESA,rapid SN,no BH kick , , ,RG21, ,,Hobbs 2005, ,,,,,, ,,,,,,
RG21-noBH-kick-SN:delayed,https://ui.adsabs.harvard.edu/abs/2021ApJ...912L..23R/abstract,2021,POSYDON,POSY,MESA,delayed SN,no BH kick ,  ,  ,RG21, ,,Hobbs 2005, ,,,,,, ,,,,,,
DT22-M1,https://ui.adsabs.harvard.edu/abs/2022arXiv220708837D/abstract,2024,SeBa,SeBa,SSE,$\beta = 0.3$,"$\xi_{ad,rad} = 4$",$\gamma = 2.5$,$T_{eff}$-K,DT22,315,75,"based on Verbunt, Igoshev & Cator (2017), The distribution of Verbunt, Igoshev & Cator (2017) is a combination of two Maxwellian functions with velocity dispersions of σ = 75 km s−1, and σ = 315 km s−1, and weights of 0.42 and 0.58, respectively", ,alpha*lambda = 0.05,0.3,pessimistic,standard,,F12 delayed,,,zeta prescription,,TRUE,
DT22-M2,https://ui.adsabs.harvard.edu/abs/2022arXiv220708837D/abstract,2024,SeBa,SeBa,SSE,$\beta = 0.7$,"$\xi_{ad,rad} = 4$",$\gamma = 2.5$,$T_{eff}$-K,DT22,315,75,"based on Verbunt, Igoshev & Cator (2017), The distribution of Verbunt, Igoshev & Cator (2017) is a combination of two Maxwellian functions with velocity dispersions of σ = 75 km s−1, and σ = 315 km s−1, and weights of 0.42 and 0.58, respectively", ,alpha*lambda = 0.05,0.7,pessimistic,standard,,F12 delayed,,,zeta prescription,,TRUE,
DT22-M3,https://ui.adsabs.harvard.edu/abs/2022arXiv220708837D/abstract,2024,SeBa,SeBa,SSE,$\beta = 0.3$,"$\xi_{ad,rad} = 4$",$\gamma = 2.5$,$T_{eff}$-IT,DT22,315,75,"based on Verbunt, Igoshev & Cator (2017), The distribution of Verbunt, Igoshev & Cator (2017) is a combination of two Maxwellian functions with velocity dispersions of σ = 75 km s−1, and σ = 315 km s−1, and weights of 0.42 and 0.58, respectively", ,alpha*lambda = 0.05,0.3,pessimistic,standard,,F12 delayed,,,zeta prescription,,TRUE,
DT22-M4,https://ui.adsabs.harvard.edu/abs/2022arXiv220708837D/abstract,2024,SeBa,SeBa,SSE,$\beta = 0.7$,"$\xi_{ad,rad} = 4$",$\gamma = 2.5$,$T_{eff}$-IT,DT22,315,75,"based on Verbunt, Igoshev & Cator (2017), The distribution of Verbunt, Igoshev & Cator (2017) is a combination of two Maxwellian functions with velocity dispersions of σ = 75 km s−1, and σ = 315 km s−1, and weights of 0.42 and 0.58, respectively", ,alpha*lambda = 0.05,0.7,pessimistic,standard,,F12 delayed,,,zeta prescription,,TRUE,
DT22-M5,https://ui.adsabs.harvard.edu/abs/2022arXiv220708837D/abstract,2024,SeBa,SeBa,SSE,$\beta = 0.3$,"$\xi_{ad,rad} = 7.5$",$\gamma = 2.5$,$T_{eff}$-K,DT22,315,75,"based on Verbunt, Igoshev & Cator (2017), The distribution of Verbunt, Igoshev & Cator (2017) is a combination of two Maxwellian functions with velocity dispersions of σ = 75 km s−1, and σ = 315 km s−1, and weights of 0.42 and 0.58, respectively", ,alpha*lambda = 0.05,0.3,pessimistic,standard,,F12 delayed,,,zeta prescription,,TRUE,
DT22-M6,https://ui.adsabs.harvard.edu/abs/2022arXiv220708837D/abstract,2024,SeBa,SeBa,SSE,$\beta = 0.7$,"$\xi_{ad,rad} = 7.5$",$\gamma = 2.5$,$T_{eff}$-K,DT22,315,75,"based on Verbunt, Igoshev & Cator (2017), The distribution of Verbunt, Igoshev & Cator (2017) is a combination of two Maxwellian functions with velocity dispersions of σ = 75 km s−1, and σ = 315 km s−1, and weights of 0.42 and 0.58, respectively", ,alpha*lambda = 0.05,0.7,pessimistic,standard,,F12 delayed,,,zeta prescription,,TRUE,
DT22-M7,https://ui.adsabs.harvard.edu/abs/2022arXiv220708837D/abstract,2024,SeBa,SeBa,SSE,$\beta = 0.3$,"$\xi_{ad,rad} = 7.5$",$\gamma = 2.5$,$T_{eff}$-IT,DT22,315,75,"based on Verbunt, Igoshev & Cator (2017), The distribution of Verbunt, Igoshev & Cator (2017) is a combination of two Maxwellian functions with velocity dispersions of σ = 75 km s−1, and σ = 315 km s−1, and weights of 0.42 and 0.58, respectively", ,alpha*lambda = 0.05,0.3,pessimistic,standard,,F12 delayed,,,zeta prescription,,TRUE,
DT22-M8,https://ui.adsabs.harvard.edu/abs/2022arXiv220708837D/abstract,2024,SeBa,SeBa,SSE,$\beta = 0.7$,"$\xi_{ad,rad} = 7.5$",$\gamma = 2.5$,$T_{eff}$-IT,DT22,315,75,"based on Verbunt, Igoshev & Cator (2017), The distribution of Verbunt, Igoshev & Cator (2017) is a combination of two Maxwellian functions with velocity dispersions of σ = 75 km s−1, and σ = 315 km s−1, and weights of 0.42 and 0.58, respectively", ,alpha*lambda = 0.05,0.7,pessimistic,standard,,F12 delayed,,,zeta prescription,,TRUE,
DT22-M9,https://ui.adsabs.harvard.edu/abs/2022arXiv220708837D/abstract,2024,SeBa,SeBa,SSE,$\beta = 0.3$,"$\xi_{ad,rad} = 4$",$\gamma = 1$,$T_{eff}$-K,DT22,315,75,"based on Verbunt, Igoshev & Cator (2017), The distribution of Verbunt, Igoshev & Cator (2017) is a combination of two Maxwellian functions with velocity dispersions of σ = 75 km s−1, and σ = 315 km s−1, and weights of 0.42 and 0.58, respectively", ,alpha*lambda = 0.05,0.3,pessimistic,standard,,F12 delayed,,,zeta prescription,,TRUE,
DT22-M10,https://ui.adsabs.harvard.edu/abs/2022arXiv220708837D/abstract,2024,SeBa,SeBa,SSE,$\beta = 0.7$,"$\xi_{ad,rad} = 4$",$\gamma = 1$,$T_{eff}$-K,DT22,315,75,"based on Verbunt, Igoshev & Cator (2017), The distribution of Verbunt, Igoshev & Cator (2017) is a combination of two Maxwellian functions with velocity dispersions of σ = 75 km s−1, and σ = 315 km s−1, and weights of 0.42 and 0.58, respectively", ,alpha*lambda = 0.05,0.7,pessimistic,standard,,F12 delayed,,,zeta prescription,,TRUE,
DT22-M11,https://ui.adsabs.harvard.edu/abs/2022arXiv220708837D/abstract,2024,SeBa,SeBa,SSE,$\beta = 0.3$,"$\xi_{ad,rad} = 4$",$\gamma = 1$,$T_{eff}$-IT,DT22,315,75,"based on Verbunt, Igoshev & Cator (2017), The distribution of Verbunt, Igoshev & Cator (2017) is a combination of two Maxwellian functions with velocity dispersions of σ = 75 km s−1, and σ = 315 km s−1, and weights of 0.42 and 0.58, respectively", ,alpha*lambda = 0.05,0.3,pessimistic,standard,,F12 delayed,,,zeta prescription,,TRUE,
DT22-M12,https://ui.adsabs.harvard.edu/abs/2022arXiv220708837D/abstract,2024,SeBa,SeBa,SSE,$\beta = 0.7$,"$\xi_{ad,rad} = 4$",$\gamma = 1$,$T_{eff}$-IT,DT22,315,75,"based on Verbunt, Igoshev & Cator (2017), The distribution of Verbunt, Igoshev & Cator (2017) is a combination of two Maxwellian functions with velocity dispersions of σ = 75 km s−1, and σ = 315 km s−1, and weights of 0.42 and 0.58, respectively", ,alpha*lambda = 0.05,0.7,pessimistic,standard,,F12 delayed,,,zeta prescription,,TRUE,
DT22-M13,https://ui.adsabs.harvard.edu/abs/2022arXiv220708837D/abstract,2024,SeBa,SeBa,SSE,$\beta = 0.3$,"$\xi_{ad,rad} = 7.5$",$\gamma = 1$,$T_{eff}$-K,DT22,315,75,"based on Verbunt, Igoshev & Cator (2017), The distribution of Verbunt, Igoshev & Cator (2017) is a combination of two Maxwellian functions with velocity dispersions of σ = 75 km s−1, and σ = 315 km s−1, and weights of 0.42 and 0.58, respectively", ,alpha*lambda = 0.05,0.3,pessimistic,standard,,F12 delayed,,,zeta prescription,,TRUE,
DT22-M14,https://ui.adsabs.harvard.edu/abs/2022arXiv220708837D/abstract,2024,SeBa,SeBa,SSE,$\beta = 0.7$,"$\xi_{ad,rad} = 7.5$",$\gamma = 1$,$T_{eff}$-K,DT22,315,75,"based on Verbunt, Igoshev & Cator (2017), The distribution of Verbunt, Igoshev & Cator (2017) is a combination of two Maxwellian functions with velocity dispersions of σ = 75 km s−1, and σ = 315 km s−1, and weights of 0.42 and 0.58, respectively", ,alpha*lambda = 0.05,0.7,pessimistic,standard,,F12 delayed,,,zeta prescription,,TRUE,
DT22-M15,https://ui.adsabs.harvard.edu/abs/2022arXiv220708837D/abstract,2024,SeBa,SeBa,SSE,$\beta = 0.3$,"$\xi_{ad,rad} = 7.5$",$\gamma = 1$,$T_{eff}$-IT,DT22,315,75,"based on Verbunt, Igoshev & Cator (2017), The distribution of Verbunt, Igoshev & Cator (2017) is a combination of two Maxwellian functions with velocity dispersions of σ = 75 km s−1, and σ = 315 km s−1, and weights of 0.42 and 0.58, respectively", ,alpha*lambda = 0.05,0.3,pessimistic,standard,,F12 delayed,,,zeta prescription,,TRUE,
DT22-M16,https://ui.adsabs.harvard.edu/abs/2022arXiv220708837D/abstract,2024,SeBa,SeBa,SSE,$\beta = 0.7$,"$\xi_{ad,rad} = 7.5$",$\gamma = 1$,$T_{eff}$-IT,DT22,315,75,"based on Verbunt, Igoshev & Cator (2017), The distribution of Verbunt, Igoshev & Cator (2017) is a combination of two Maxwellian functions with velocity dispersions of σ = 75 km s−1, and σ = 315 km s−1, and weights of 0.42 and 0.58, respectively", ,alpha*lambda = 0.05,0.7,pessimistic,standard,,F12 delayed,,,zeta prescription,,TRUE,
van Son (2022),https://ui.adsabs.harvard.edu/abs/2022arXiv220708837D/abstract,2023,COMPAS,COMP,SSE,fiducial , , , ,vSon22,  ,,Hobbs 2005,  ,,,,,,  ,,,,,,
Briel (2022) ,https://ui.adsabs.harvard.edu/abs/2022arXiv220613842B/abstract,2023,BPASS,BPASS,STARS,fiducial , , , ,BRI22,265,,Hobbs 2005,,,Hurley 2002,NA,BPASS,BPASS,ET04,Eldrige & Tout (2004)  https://ui.adsabs.harvard.edu/abs/2004MNRAS.353...87E/abstract ,Farmer (2019) with additional assumptions (see Briel 2023) such as the upper limit based on the He core mass from Woosley et al. ( 2002 ).,BPASS,BPASS,Eddington limited only for NS not BH,
Briel (2022) - RAPID,https://ui.adsabs.harvard.edu/abs/2022arXiv220613842B/abstract,2023,BPASS,BPASS,STARS,rapid SN, , , ,BRI22,265,,Hobbs 2005,,,Hurley 2002,NA,BPASS,BPASS,F12 delayed,Eldrige & Tout (2004)  https://ui.adsabs.harvard.edu/abs/2004MNRAS.353...87E/abstract ,Farmer (2019) with additional assumptions (see Briel 2023) such as the upper limit based on the He core mass from Woosley et al. ( 2002 ).,BPASS,BPASS,Eddington limited only for NS not BH,
Briel (2022) - DELAYED,https://ui.adsabs.harvard.edu/abs/2022arXiv220613842B/abstract,2023,BPASS,BPASS,STARS,delayed SN, , , ,BRI22,265,,Hobbs 2005,,,Hurley 2002,NA,BPASS,BPASS,F12 rapid,Eldrige & Tout (2004)  https://ui.adsabs.harvard.edu/abs/2004MNRAS.353...87E/abstract ,Farmer (2019) with additional assumptions (see Briel 2023) such as the upper limit based on the He core mass from Woosley et al. ( 2002 ).,BPASS,BPASS,Eddington limited only for NS not BH,
Olejak21-M380 (fiducial),https://ui.adsabs.harvard.edu/abs/2021A%26A...651A.100O/abstract,2021,StarTrack,StarT,SSE,fiducial , , , ,OL21,265,,Hobbs 2005,1,,0.5,pessimistic,standard,,F12 delayed,,,,"For non-degenerate accretors, we adopted a 50% nonconservative RLOF (Meurs & van den Heuvel 1989; Vinciguerra et al. 2020) with a fraction of the lost donor mass accreted onto the companion (fa = 0.5), and the rest of the mass (1 − fa), leaving the system together with part of the donor and orbital angular momentum (see Sect. 3.4 of Belczynski et al. 2008). We use 5% Bondi-Hoyle rate accretion onto the compact object during the CE phase (Ricker & Taam 2008; MacLeod & Ramirez-Ruiz 2015; MacLeod et al. 2017).","We applied procedures for accretion onto a compact object during stable RLOF and from stellar winds, based on the analytic approximations described in King et al. (2001) and Mondal et al. (2020). ",
Olejak21-M480 (changedCEcriteria),https://ui.adsabs.harvard.edu/abs/2021A%26A...651A.100O/abstract,2021,StarTrack,StarT,SSE,SMT up to $q<8$, , , ,OL21,265,,Hobbs 2005,1,,0.5,pessimistic,standard,,F12 delayed,,,new type of stability based on Pavlovskii et al. (2017) ,"For non-degenerate accretors, we adopted a 50% nonconservative RLOF (Meurs & van den Heuvel 1989; Vinciguerra et al. 2020) with a fraction of the lost donor mass accreted onto the companion (fa = 0.5), and the rest of the mass (1 − fa), leaving the system together with part of the donor and orbital angular momentum (see Sect. 3.4 of Belczynski et al. 2008). We use 5% Bondi-Hoyle rate accretion onto the compact object during the CE phase (Ricker & Taam 2008; MacLeod & Ramirez-Ruiz 2015; MacLeod et al. 2017).","We applied procedures for accretion onto a compact object during stable RLOF and from stellar winds, based on the analytic approximations described in King et al. (2001) and Mondal et al. (2020). ",
Olejak21-M481 (changedCEcriteria+switch),https://ui.adsabs.harvard.edu/abs/2021A%26A...651A.100O/abstract,2021,StarTrack,StarT,SSE,SMT up to $q<8$,,switch to CE for large radii, ,OL21,265,,Hobbs 2005,1,,0.5,pessimistic,standard,,F12 delayed,,,new type of stability based on Pavlovskii et al. (2017) ,"For non-degenerate accretors, we adopted a 50% nonconservative RLOF (Meurs & van den Heuvel 1989; Vinciguerra et al. 2020) with a fraction of the lost donor mass accreted onto the companion (fa = 0.5), and the rest of the mass (1 − fa), leaving the system together with part of the donor and orbital angular momentum (see Sect. 3.4 of Belczynski et al. 2008). We use 5% Bondi-Hoyle rate accretion onto the compact object during the CE phase (Ricker & Taam 2008; MacLeod & Ramirez-Ruiz 2015; MacLeod et al. 2017).","We applied procedures for accretion onto a compact object during stable RLOF and from stellar winds, based on the analytic approximations described in King et al. (2001) and Mondal et al. (2020). ",
Boesky_alphaCE_0_1_beta0_25,https://arxiv.org/pdf/2405.01623,2024,COMPAS,COMP,SSE,$\alpha = 0.1$,$\beta = 0.25$,delayed SN,$\sigma = 265$,BO24,265,,Hobbs 2005,0.1,,0.25,pessimistic ,standard,Nanjing,F12 delayed,Fryer 2012 delayed http://adsabs.harvard.edu/abs/2012ApJ...749...91F,fit based on Marchant et al. (2019),zeta prescription,,,
Boesky_alphaCE_0_1_beta0_5,https://arxiv.org/pdf/2405.01623,2024,COMPAS,COMP,SSE,$\alpha = 0.1$,$\beta = 0.5$,delayed SN,$\sigma = 265$,BO24,265,,Hobbs 2005,0.1,,0.5,pessimistic ,standard,Nanjing,F12 delayed,Fryer 2012 delayed http://adsabs.harvard.edu/abs/2012ApJ...749...91F,fit based on Marchant et al. (2019),zeta prescription,,,
Boesky_alphaCE_0_1_beta0_75,https://arxiv.org/pdf/2405.01623,2024,COMPAS,COMP,SSE,$\alpha = 0.1$,$\beta = 0.75$,delayed SN,$\sigma = 265$,BO24,265,,Hobbs 2005,0.1,,0.75,pessimistic ,standard,Nanjing,F12 delayed,Fryer 2012 delayed http://adsabs.harvard.edu/abs/2012ApJ...749...91F,fit based on Marchant et al. (2019),zeta prescription,,,
Boesky_alphaCE_0_5_beta0_25,https://arxiv.org/pdf/2405.01623,2024,COMPAS,COMP,SSE,$\alpha = 0.5$,$\beta = 0.25$,delayed SN,$\sigma = 265$,BO24,265,,Hobbs 2005,0.5,,0.25,pessimistic ,standard,Nanjing,F12 delayed,Fryer 2012 delayed http://adsabs.harvard.edu/abs/2012ApJ...749...91F,fit based on Marchant et al. (2019),zeta prescription,,,
Boesky_alphaCE_0_5_beta0_5,https://arxiv.org/pdf/2405.01623,2024,COMPAS,COMP,SSE,$\alpha = 0.5$,$\beta = 0.5$,delayed SN,$\sigma = 265$,BO24,265,,Hobbs 2005,0.5,,0.5,pessimistic ,standard,Nanjing,F12 delayed,Fryer 2012 delayed http://adsabs.harvard.edu/abs/2012ApJ...749...91F,fit based on Marchant et al. (2019),zeta prescription,,,
Boesky_alphaCE_0_5_beta0_75,https://arxiv.org/pdf/2405.01623,2024,COMPAS,COMP,SSE,$\alpha = 0.5$,$\beta = 0.75$,delayed SN,$\sigma = 265$,BO24,265,,Hobbs 2005,0.5,,0.75,pessimistic ,standard,Nanjing,F12 delayed,Fryer 2012 delayed http://adsabs.harvard.edu/abs/2012ApJ...749...91F,fit based on Marchant et al. (2019),zeta prescription,,,
Boesky_alphaCE_2_beta0_25,https://arxiv.org/pdf/2405.01623,2024,COMPAS,COMP,SSE,$\alpha = 2$,$\beta = 0.25$,delayed SN,$\sigma = 265$,BO24,265,,Hobbs 2005,2,,0.25,pessimistic ,standard,Nanjing,F12 delayed,Fryer 2012 delayed http://adsabs.harvard.edu/abs/2012ApJ...749...91F,fit based on Marchant et al. (2019),zeta prescription,,,
Boesky_alphaCE_2_beta0_5,https://arxiv.org/pdf/2405.01623,2024,COMPAS,COMP,SSE,$\alpha = 2$,$\beta = 0.5$,delayed SN,$\sigma = 265$,BO24,265,,Hobbs 2005,2,,0.5,pessimistic ,standard,Nanjing,F12 delayed,Fryer 2012 delayed http://adsabs.harvard.edu/abs/2012ApJ...749...91F,fit based on Marchant et al. (2019),zeta prescription,,,
Boesky_alphaCE_2_beta0_75,https://arxiv.org/pdf/2405.01623,2024,COMPAS,COMP,SSE,$\alpha = 2$,$\beta = 0.75$,delayed SN,$\sigma = 265$,BO24,265,,Hobbs 2005,2,,0.75,pessimistic ,standard,Nanjing,F12 delayed,Fryer 2012 delayed http://adsabs.harvard.edu/abs/2012ApJ...749...91F,fit based on Marchant et al. (2019),zeta prescription,,,
Boesky_alphaCE_10_beta0_25,https://arxiv.org/pdf/2405.01623,2024,COMPAS,COMP,SSE,$\alpha = 10$,$\beta = 0.25$,delayed SN,$\sigma = 265$,BO24,265,,Hobbs 2005,10,,0.25,pessimistic ,standard,Nanjing,F12 delayed,Fryer 2012 delayed http://adsabs.harvard.edu/abs/2012ApJ...749...91F,fit based on Marchant et al. (2019),zeta prescription,,,
Boesky_alphaCE_10_beta0_5,https://arxiv.org/pdf/2405.01623,2024,COMPAS,COMP,SSE,$\alpha = 10$,$\beta = 0.5$,delayed SN,$\sigma = 265$,BO24,265,,Hobbs 2005,10,,0.5,pessimistic ,standard,Nanjing,F12 delayed,Fryer 2012 delayed http://adsabs.harvard.edu/abs/2012ApJ...749...91F,fit based on Marchant et al. (2019),zeta prescription,,,
Boesky_alphaCE_10_beta0_75,https://arxiv.org/pdf/2405.01623,2024,COMPAS,COMP,SSE,$\alpha = 10$,$\beta = 0.75$,delayed SN,$\sigma = 265$,BO24,265,,Hobbs 2005,10,,0.75,pessimistic ,standard,Nanjing,F12 delayed,Fryer 2012 delayed http://adsabs.harvard.edu/abs/2012ApJ...749...91F,fit based on Marchant et al. (2019),zeta prescription,,,
Boesky_sigma_30_RMP_D,https://arxiv.org/pdf/2405.01623,2024,COMPAS,COMP,SSE,$\sigma = 30$,delayed SN,$\alpha = 0.5$, ,BO24,30,,Hobbs 2005,0.5,,thermal ,pessimistic ,standard,Nanjing,F12 delayed,Fryer 2012 delayed http://adsabs.harvard.edu/abs/2012ApJ...749...91F,fit based on Marchant et al. (2019),zeta prescription,,,
Boesky_sigma_30_RMP_M,https://arxiv.org/pdf/2405.01623,2024,COMPAS,COMP,SSE,$\sigma = 30$,MM SN,$\alpha = 0.5$, ,BO24,30,,Hobbs 2005,0.5,,thermal ,pessimistic ,standard,Nanjing,MM SN,,fit based on Marchant et al. (2019),zeta prescription,,,
Boesky_sigma_30_RMP_R,https://arxiv.org/pdf/2405.01623,2024,COMPAS,COMP,SSE,$\sigma = 30$,rapid SN,$\alpha = 0.5$, ,BO24,30,,Hobbs 2005,0.5,,thermal ,pessimistic ,standard,Nanjing,F12 rapid,Fryer 2012 rapid http://adsabs.harvard.edu/abs/2012ApJ...749...91F,fit based on Marchant et al. (2019),zeta prescription,,,
Boesky_sigma_265_RMP_D,https://arxiv.org/pdf/2405.01623,2024,COMPAS,COMP,SSE,$\sigma = 265$,delayed SN,$\alpha = 0.5$, ,BO24,265,,Hobbs 2005,0.5,,thermal ,pessimistic ,standard,Nanjing,F12 delayed,Fryer 2012 delayed http://adsabs.harvard.edu/abs/2012ApJ...749...91F,fit based on Marchant et al. (2019),zeta prescription,,,
Boesky_sigma_265_RMP_M,https://arxiv.org/pdf/2405.01623,2024,COMPAS,COMP,SSE,$\sigma = 265$,MM SN,$\alpha = 0.5$, ,BO24,265,,Hobbs 2005,0.5,,thermal ,pessimistic ,standard,Nanjing,MM SN,Mandel and Muller 2022,fit based on Marchant et al. (2019),zeta prescription,,,
Boesky_sigma_265_RMP_R,https://arxiv.org/pdf/2405.01623,2024,COMPAS,COMP,SSE,$\sigma = 265$,rapid SN,$\alpha = 0.5$, ,BO24,265,,Hobbs 2005,0.5,,thermal ,pessimistic ,standard,Nanjing,F12 rapid,Fryer 2012 rapid http://adsabs.harvard.edu/abs/2012ApJ...749...91F,fit based on Marchant et al. (2019),zeta prescription,,,
Boesky_sigma_750_RMP_D,https://arxiv.org/pdf/2405.01623,2024,COMPAS,COMP,SSE,$\sigma = 750$,delayed SN,$\alpha = 0.5$, ,BO24,750,,Hobbs 2005,0.5,,thermal ,pessimistic ,standard,Nanjing,F12 delayed,Fryer 2012 delayed http://adsabs.harvard.edu/abs/2012ApJ...749...91F,fit based on Marchant et al. (2019),zeta prescription,,,
Boesky_sigma_750_RMP_M,https://arxiv.org/pdf/2405.01623,2024,COMPAS,COMP,SSE,$\sigma = 750$,MM SN,$\alpha = 0.5$, ,BO24,750,,Hobbs 2005,0.5,,thermal ,pessimistic ,standard,Nanjing,MM SN,Mandel and Muller 2022,fit based on Marchant et al. (2019),zeta prescription,,,
Boesky_sigma_750_RMP_R,https://arxiv.org/pdf/2405.01623,2024,COMPAS,COMP,SSE,$\sigma = 750$,rapid SN,$\alpha = 0.5$, ,BO24,750,,Hobbs 2005,0.5,,thermal ,pessimistic ,standard,Nanjing,F12 rapid,Fryer 2012 rapid http://adsabs.harvard.edu/abs/2012ApJ...749...91F,fit based on Marchant et al. (2019),zeta prescription,,,
Pellouin25,https://ui.adsabs.harvard.edu/abs/2025A%26A...693A.283P/abstract,2025,COSMIC,COSM,SSE,rapid SN,qcrit , , ,PE25,,,Hobbs 2005,,,,,,,,,,,,,
R25-A-Fiducial,https://arxiv.org/abs/2410.17315,2025,StarTrack,STarT,SSE,fiducial, , , ,RO25,,,Hobbs 2005,,,,,,,,,,,,,
R25-B-RMAX,https://arxiv.org/abs/2410.17315,2025,StarTrack,StarT,SSE,fiducial ,Rmax , , ,RO25,,,Hobbs 2005,,,,,,,,,,,,,
R25-C-Conv_ML1.5,https://arxiv.org/abs/2410.17315,2025,StarTrack,StarT,SSE,conv crit Klencki, , , ,RO25,,,Hobbs 2005,,,,,,,,,,,,,
R25-D-Conv_ML1.5_RMAX,https://arxiv.org/abs/2410.17315,2025,StarTrack,StarT,SSE,conv crit Klencki,Rmax , , ,RO25,,,Hobbs 2005,,,,,,,,,,,,,
R25-E-Conv_ML1.82_MLTpp,https://arxiv.org/abs/2410.17315,2025,StarTrack,STarT,SSE,conv crit MESA, , , ,RO25,,,Hobbs 2005,,,,,,,,,,,,,
R25-E-Conv_ML1.82_MLTpp_RMAX,https://arxiv.org/abs/2410.17315,2025,StarTrack,StarT,SSE,conv crit MESA,Rmax , , ,RO25,,,Hobbs 2005,,,,,,,,,,,,,
R23-A-Fiducial,https://arxiv.org/pdf/2211.15800,2023,StarTrack,StarT,SSE,fiducial, , , ,RO23,,,Hobbs 2005,,,,,,,,,,,,,
R23-B-RMAX2,https://arxiv.org/pdf/2211.15800,2023,StarTrack,StarT,SSE,Rmax METISSE BOOST , , , ,RO23,,,Hobbs 2005,,,,,,,,,,,,,
R23-C-RMAX3,https://arxiv.org/pdf/2211.15800,2023,StarTrack,StarT,SSE,Rmax METISSE MESA, , , ,RO23,,,Hobbs 2005,,,,,,,,,,,,,
R23-D-RMAX4,https://arxiv.org/pdf/2211.15800,2023,StarTrack,STarT,SSE,Rmax MESA MLT+++, , , ,RO23,,,Hobbs 2005,,,,,,,,,,,,,
R23-E-RMAX4B,https://arxiv.org/pdf/2211.15800,2023,StarTrack,StarT,SSE,Rmax MESA no MLT++, , , ,RO23,,,Hobbs 2005,,,,,,,,,,,,,
Xing24_fiducial,https://arxiv.org/pdf/2410.20415,2024,POSYDON,POSY,MESA,fiducial, , , ,Xing24,265,,Hobbs 2005,1,,,,,,delayed,,,,,,
Xing24_alpha_2,https://arxiv.org/pdf/2410.20415,2024,POSYDON,POSY,MESA,$\alpha = 2$, , , ,Xing24,265,,Hobbs 2005,2,,,,,,delayed,,,,,,
Xing24_sigma_150,https://arxiv.org/pdf/2410.20415,2024,POSYDON,POSY,MESA,$\sigma = 150$, , , ,Xing24,150,,Hobbs 2005,1,,,,,,delayed,,,,,,
Xing24_sigma_61_6,https://arxiv.org/pdf/2410.20415,2024,POSYDON,POSY,MESA,$\sigma = 62$, , , ,Xing24,61.6,,Hobbs 2005,1,,,,,,delayed,,,,,,
Hendriks23,https://arxiv.org/pdf/2309.09339,2023,binary c,binaryc,SSE,delayed SN,qcrit, , ,Hen23,265,,Hobbs 2005,,,,,,,delayed,,,,,,
van Son (2023) ,https://ui.adsabs.harvard.edu/abs/2023ApJ...948..105V,2023,COMPAS,COMP,SSE,delayed SN, , , ,vSon23,265, ,Hobbs 2005,1, , , , , , , , , , , ,1
R25-A-Fiducial_Optimistic,not used ,2025,StarTrack,StarT,SSE,fiducial,optimistic CE, , ,RO25,265, ,Hobbs 2005,1, , , , , , , , , , , ,1
R25-B-RMAX_Optimistic,not used ,2025,StarTrack,StarT,SSE,Rmax,optimistic CE, , ,RO25,265, ,Hobbs 2005,1, , , , , , , , , , , ,1
R23-A-Fiducial_Optimistic,not used ,2023,StarTrack,StarT,SSE,fiducial,optimistic CE, , ,RO23,265, ,Hobbs 2005,1, , , , , , , , , , , ,1
R23-B-RMAX2_Optimistic,not used ,2023,StarTrack,StarT,SSE,Rmax MET,optimistic CE, , ,RO23,265, ,Hobbs 2005,1, , , , , , , , , , , ,1
R23-C-RMAX3_Optimistic,not used ,2023,StarTrack,StarT,SSE,Rmax MET,optimistic CE, , ,RO23,265, ,Hobbs 2005,1, , , , , , , , , , , ,1
R23-D-RMAX4_Optimistic,not used ,2023,StarTrack,StarT,SSE,Rmax MLT+++,optimistic CE,,,RO23,265,,Hobbs 2005,1,,,,,,,,,,,,1
R23-E-RMAX4B_Optimistic,not used ,2023,StarTrack,STarT,SSE,Rmax MESA,optimistic CE,,,RO23,265,,Hobbs 2005,1,,,,,,,,,,,,1
Li25-a,https://arxiv.org/abs/2510.08231v1,2025,MOBSE,MOBSE,SSE,fiducial, , , ,Li25,265, ,Hobbs 2005,1, , , , , , , , ,$q_{\rm{c}}$, , ,1
Li25-b,https://arxiv.org/abs/2510.08231v1,,MOBSE,MOBSE,SSE,$\gamma = -2$, , , ,Li25,265, ,Hobbs 2005,1, , , , , , , , ,$q_{\rm{c}}$, , ,1
Li25-c,https://arxiv.org/abs/2510.08231v1,,MOBSE,MOBSE,SSE,$\alpha = 0.5$, , , ,Li25,265, ,Hobbs 2005,0.5, , , , , , , , ,$q_{\rm{c}}$, , ,1
Li25-d,https://arxiv.org/abs/2510.08231v1,,MOBSE,MOBSE,SSE,$\alpha = 2$, , , ,Li25,265, ,Hobbs 2005,2, , , , , , , , ,$q_{\rm{c}}$, , ,1
Li25-e,https://arxiv.org/abs/2510.08231v1,,MOBSE,MOBSE,SSE,$f_{WR} = 0.5$, , , ,Li25,265, ,Hobbs 2005,1, , , , , , , , ,$q_{\rm{c}}$, , ,0.5
Li25-f,https://arxiv.org/abs/2510.08231v1,,MOBSE,MOBSE,SSE,$f_{WR} = 2$, , , ,Li25,265, ,Hobbs 2005,1, , , , , , , , ,$q_{\rm{c}}$, , ,2
Li25-g,https://arxiv.org/abs/2510.08231v1,,MOBSE,MOBSE,SSE,$\sigma = 45$, ,, ,Li25,45, ,Hobbs 2005,1, , , , , , , , ,$q_{\rm{c}}$, , ,1
Li25-h,https://arxiv.org/abs/2510.08231v1,,MOBSE,MOBSE,SSE,$\sigma = 750$,,,,Li25,750,,Hobbs 2005,1,,,,,,,,,$q_{\rm{c}}$,,,1
Li25-i,https://arxiv.org/abs/2510.08231v1,,MOBSE,MOBSE,SSE,$q_{\rm{c}}$ Ge,,,,Li25,265,,Hobbs 2005,1,,,,,,,,,$q_{\rm{c}}$ Ge,,,1
Sgalletta_alpha_1,https://www.aanda.org/articles/aa/pdf/2025/06/aa52757-24.pdf,2025,SEVN,SEVN,PARSEC,fiducial ,,,,Sg25,265,,GM20 prescription,1,,,,,,,,,,,,
Sgalletta_alpha_0_5,https://www.aanda.org/articles/aa/pdf/2025/06/aa52757-24.pdf,2025,SEVN,SEVN,PARSEC,$\alpha = 0.5$,,,,Sg25,265,,GM20 prescription,0.5,,,,,,,,,,,,
Sgalletta_alpha_3,https://www.aanda.org/articles/aa/pdf/2025/06/aa52757-24.pdf,2025,SEVN,SEVN,PARSEC,$\alpha = 3$,,,,Sg25,265,,GM20 prescription,3,,,,,,,,,,,,
Sgalletta_alpha_5,https://www.aanda.org/articles/aa/pdf/2025/06/aa52757-24.pdf,2025,SEVN,SEVN,PARSEC,$\alpha = 5$,,,,Sg25,265,,GM20 prescription,5,,,,,,,,,,,,