Z,alpha,BHBH,BHBHm,BHNS,BHNSm,NSNS,NSNSm,BHBHI,BHBHII,BHBHIII,BHBHIIIa,BHBHIIIb,BHBHIV,BHBHIVa,BHBHIVb,BHBHC1,BHBHK1,BHBHC2,BHBHK2,BHBHC3,BHBHK3,BHBHSt,BHBHSu,BHBHmI,BHBHmII,BHBHmIII,BHBHmIIIa,BHBHmIIIb,BHBHmIV,BHBHmIVa,BHBHmIVb,BHBHmC1,BHBHmK1,BHBHmC2,BHBHmK2,BHBHmC3,BHBHmK3,BHBHmSt,BHBHmSu,BHNSI,BHNSII,BHNSIII,BHNSIIIa,BHNSIIIb,BHNSIV,BHNSIVa,BHNSIVb,BHNSC1,BHNSK1,BHNSC2,BHNSK2,BHNSC3,BHNSK3,BHNSSt,BHNSSu,BHNSmI,BHNSmII,BHNSmIII,BHNSmIIIa,BHNSmIIIb,BHNSmIV,BHNSmIVa,BHNSmIVb,BHNSmC1,BHNSmK1,BHNSmC2,BHNSmK2,BHNSmC3,BHNSmK3,BHNSmSt,BHNSmSu,NSNSI,NSNSII,NSNSIII,NSNSIIIa,NSNSIIIb,NSNSIV,NSNSIVa,NSNSIVb,NSNSC1,NSNSK1,NSNSC2,NSNSK2,NSNSC3,NSNSK3,NSNSSt,NSNSSu,NSNSmI,NSNSmII,NSNSmIII,NSNSmIIIa,NSNSmIIIb,NSNSmIV,NSNSmIVa,NSNSmIVb,NSNSmC1,NSNSmK1,NSNSmC2,NSNSmK2,NSNSmC3,NSNSmK3,NSNSmSt,NSNSmSu,label
0.0001,0.5,127584,19792,19283,4142,59,17,756,75670,1445,0,1445,1359,353,1006,3787,1240,21,1,0,0,47225,191,645,17470,260,0,260,1165,245,920,2297,930,21,1,0,0,33237,62,4263,12076,1838,0,1838,0,0,0,6848,2185,12,0,0,0,19145,158,1747,2019,50,0,50,0,0,0,2111,1788,12,0,0,0,5331,158,16,0,0,0,0,12,3,9,26,6,17,0,0,0,49,19,10,0,0,0,0,3,3,0,0,3,17,0,0,0,10,19,fiducial_Hrad_5M
0.0002,0.5,138635,13502,20291,2917,88,41,1369,85589,2235,0,2235,2185,473,1712,5822,816,44,2,0,0,59507,184,901,10712,140,0,140,1686,202,1484,2743,535,44,2,0,0,24816,19,4303,11307,3936,0,3936,0,0,0,8650,1091,5,0,0,0,22852,140,876,1865,90,0,90,0,0,0,1047,614,5,0,0,0,4287,140,38,0,0,0,0,20,3,17,35,11,38,0,0,0,88,40,30,0,0,0,0,4,3,1,3,8,38,0,0,0,34,40,fiducial_Hrad_5M
0.0004,0.5,129906,12402,23213,2697,686,144,7200,68770,5055,0,5055,2602,260,2342,13516,802,1795,0,0,0,80824,414,634,9327,195,0,195,2139,75,2064,2983,520,91,0,0,0,24082,41,531,5252,16900,0,16900,0,0,0,11652,885,6031,0,0,0,42665,141,156,1634,817,0,817,0,0,0,564,198,499,0,0,0,5038,133,540,0,0,0,0,116,69,47,547,63,125,0,0,0,1200,126,92,0,0,0,0,46,31,15,19,7,125,0,0,0,155,126,fiducial_Hrad_5M
0.0006,0.5,138414,10382,26180,2428,1015,373,8640,69603,12943,0,12943,3003,169,2834,16002,994,9068,0,0,0,127989,518,641,6622,516,0,516,2525,110,2415,3342,651,416,0,0,0,20181,23,434,4344,20992,0,20992,0,0,0,14345,837,7224,0,8,0,50632,146,146,1380,868,0,868,0,0,0,495,113,545,0,8,0,4637,142,486,0,0,0,0,506,411,95,676,98,327,0,0,0,1575,391,108,0,0,0,0,261,242,19,46,52,327,0,0,0,345,391,fiducial_Hrad_5M
0.0008,0.5,134867,10571,26888,2245,541,141,11748,57721,17516,0,17516,3534,502,3032,19556,807,13765,0,3,0,140660,456,714,6359,429,0,429,2982,453,2529,3827,616,377,0,3,0,20443,18,440,4094,21852,0,21852,6,6,0,11290,640,11160,0,5,0,52470,127,142,1089,970,0,970,6,6,0,425,109,726,0,5,0,4309,123,236,0,0,0,0,271,135,136,405,53,113,0,0,0,906,114,67,0,0,0,0,69,45,24,28,18,113,0,0,0,161,114,fiducial_Hrad_5M
0.001,0.5,130446,10515,25806,2033,818,452,13411,54727,15655,0,15655,3231,481,2750,21044,764,11803,0,0,0,140110,188,614,6539,427,0,427,2822,439,2383,3607,620,366,0,0,0,20413,14,274,4454,20461,0,20461,2,2,0,9797,798,11101,0,3,0,50273,88,91,1062,829,0,829,2,2,0,368,137,600,0,3,0,3921,88,524,0,9,0,9,230,71,159,341,82,425,0,9,0,1081,436,388,0,9,0,9,50,24,26,18,39,425,0,9,0,450,436,fiducial_Hrad_5M
0.002,0.5,128431,13524,26499,1952,1952,618,14263,57401,12490,0,12490,4466,1463,3003,25134,357,6602,0,2,0,157163,214,3379,6126,632,0,632,3328,768,2560,6783,281,610,0,2,0,26087,5,779,4770,20206,0,20206,97,96,1,8569,287,12613,0,17,0,51642,54,239,966,628,0,628,97,96,1,547,86,422,0,17,0,3814,54,314,0,17,0,17,1557,1290,267,1226,88,654,0,18,0,3198,581,252,0,17,0,17,342,279,63,53,56,547,0,18,0,642,581,fiducial_Hrad_5M
0.004,0.5,129139,20569,28689,5259,4765,1866,22271,46697,12116,0,12116,8085,4554,3531,42493,175,409,0,0,0,160171,58,15117,1050,363,0,363,4023,1695,2328,19177,96,337,0,0,0,40700,0,8765,6609,12206,0,12206,563,535,28,13607,122,8022,0,30,0,56061,151,3449,875,458,0,458,466,445,21,3927,83,427,0,30,0,10324,145,530,0,99,0,99,4096,3647,449,2055,241,2547,0,134,0,7659,1797,471,0,98,0,98,1287,1157,130,85,227,1647,0,134,0,1941,1777,fiducial_Hrad_5M
0.006,0.5,136389,24623,29596,7414,5017,1616,31600,48825,2556,0,2556,10376,6802,3574,44839,133,0,0,0,0,185030,0,20462,572,0,0,0,3583,1798,1785,24050,47,0,0,0,0,49161,0,11720,6596,9234,0,9234,1691,1593,98,14857,52,7840,0,75,0,56638,1552,5480,679,259,0,259,993,937,56,5061,33,1599,0,75,0,13244,1552,530,0,80,0,80,4391,4009,382,2818,223,2107,0,86,0,8520,1483,437,0,75,0,75,1096,1011,85,159,210,1371,0,86,0,1775,1445,fiducial_Hrad_5M
0.008,0.5,128150,11188,31319,5016,5692,1213,32366,28615,5923,0,5923,12289,9111,3178,50907,163,6,0,0,0,164262,0,9429,384,0,0,0,1370,315,1055,10802,24,0,0,0,0,22330,0,10979,5420,11382,0,11382,3013,2809,204,16558,71,8960,0,0,0,61024,16,3474,567,191,0,191,782,708,74,4298,16,151,0,0,0,9990,15,471,0,56,0,56,5134,4800,334,3806,171,1792,0,71,0,10197,1131,289,0,52,0,52,865,795,70,233,152,909,0,71,0,1443,974,fiducial_Hrad_5M
0.01,0.5,124440,2334,30145,2615,4988,955,28951,30018,2373,0,2373,10912,8410,2502,42462,92,133,0,0,0,185178,0,895,927,0,0,0,512,86,426,1407,4,0,0,0,0,4664,0,11593,4290,10584,0,10584,2513,2260,253,16125,47,8722,0,0,0,57414,21,1822,432,182,0,182,175,122,53,2032,13,151,0,0,0,5171,20,328,8,52,0,52,4395,3972,423,3039,151,1671,0,73,0,8757,797,238,0,50,0,50,661,531,130,145,143,737,0,73,0,1116,786,fiducial_Hrad_5M
0.014,0.5,105729,333,29525,909,4766,1415,17919,18164,1196,0,1196,7626,6486,1140,26816,42,1693,0,0,0,168236,0,158,10,0,0,0,161,10,151,319,0,0,0,0,0,660,0,4883,1034,19656,0,19656,2495,2345,150,9255,14,18078,0,0,0,56193,2,227,43,558,0,558,76,62,14,387,0,479,0,0,0,1799,2,335,42,164,0,164,3980,3667,313,2210,205,2078,0,203,0,7722,1298,255,4,160,0,160,987,896,91,105,198,1103,0,203,0,1528,1287,fiducial_Hrad_5M
0.017,0.5,105287,289,27757,826,4620,1678,15643,18593,100,0,100,6865,6017,848,25062,43,325,0,0,0,178482,132,106,39,0,0,0,140,3,137,246,0,0,0,0,0,573,0,9476,1188,13647,0,13647,1954,1856,98,12686,34,13500,0,0,0,53591,302,413,30,295,0,295,59,46,13,500,0,296,0,0,0,1627,9,104,0,357,0,357,4125,3886,239,2018,215,2175,0,401,0,7523,1656,83,0,348,0,348,1241,1164,77,74,214,1203,0,401,0,1727,1622,fiducial_Hrad_5M
0.02,0.5,79698,46,24411,674,4905,1873,7703,15463,0,0,0,3121,2691,430,13865,84,15,0,0,0,138435,256,2,1,0,0,0,41,3,38,43,2,0,0,0,0,91,0,8997,1115,9257,0,9257,1367,1338,29,13741,74,9248,0,0,0,47033,832,326,16,183,0,183,33,31,2,475,1,183,0,0,0,1330,9,238,0,558,0,558,4070,3891,179,2029,193,2227,0,617,0,7310,2428,151,0,525,0,525,1191,1130,61,79,192,1177,0,617,0,1442,2297,fiducial_Hrad_5M
0.03,0.5,39194,21,21260,574,5120,2680,1268,10971,0,0,0,170,8,162,1991,52,0,0,0,0,72431,8,0,1,0,0,0,12,0,12,13,2,0,0,0,0,40,0,11677,327,589,0,589,707,687,20,20180,133,587,0,0,0,42030,61,400,6,2,0,2,8,8,0,566,1,2,0,0,0,1138,4,491,6,1027,0,1027,3582,3473,109,1752,279,2171,0,1184,0,7563,2650,318,0,1017,0,1017,1338,1301,37,70,278,1426,0,1184,0,2724,2627,fiducial_Hrad_5M
0.0001,1.0,130157,21654,20180,4433,877,632,1500,75670,2050,0,2050,2543,574,1969,6201,2601,180,6,0,0,51205,359,1370,17470,390,0,390,2136,331,1805,4001,1957,179,6,0,0,36262,210,4378,12076,2712,0,2712,7,7,0,7472,2877,285,0,0,0,20508,611,2075,2019,79,0,79,7,7,0,2134,1913,280,0,0,0,5320,611,481,0,353,0,353,10,0,10,131,229,479,0,251,0,1075,628,376,0,254,0,254,0,0,0,1,170,380,0,251,0,634,628,fiducial_Hrad_5M
0.0002,1.0,141379,14771,23187,3550,7523,7186,2016,85589,3152,0,3152,3341,608,2733,8393,1829,217,3,0,0,63479,361,1446,10712,238,0,238,2305,198,2107,3853,1179,203,2,0,0,26786,192,4442,11307,6777,0,6777,0,0,0,11252,2030,299,1,0,0,28168,674,1431,1865,177,0,177,0,0,0,1388,964,297,1,0,0,4733,674,5783,0,1655,0,1655,48,21,27,195,271,5803,0,1510,0,7802,7184,5640,0,1515,0,1515,21,20,1,13,211,5663,0,1510,0,7172,7184,fiducial_Hrad_5M
0.0004,1.0,134818,16198,25183,4452,2934,1641,8290,68770,7004,0,7004,4460,925,3535,16758,2090,3336,0,129,0,88527,760,1476,9327,1588,0,1588,3707,697,3010,5257,1400,1484,0,129,0,30441,355,980,5252,18466,0,18466,1,1,0,11576,1982,7048,0,1029,0,45312,1406,646,1634,2104,0,2104,1,1,0,994,694,795,0,1029,0,7304,1404,2332,0,227,0,227,343,179,164,1237,226,1535,0,148,0,4209,1611,1382,0,151,0,151,106,65,41,34,115,1459,0,148,0,1668,1611,fiducial_Hrad_5M
0.0006,1.0,146452,17232,27679,3943,9360,7736,11418,69603,14570,0,14570,6627,1908,4719,22128,1660,10953,0,27,0,141825,861,3357,6622,1601,0,1601,5586,1794,3792,8794,999,1787,0,27,0,32300,352,1181,4344,21773,0,21773,7,7,0,13220,1242,9409,0,447,0,52936,828,906,1380,1626,0,1626,7,7,0,1190,161,926,0,447,0,6995,825,6977,0,906,0,906,1452,1285,167,1678,348,6801,0,869,0,10804,7810,6025,0,872,0,872,832,809,23,100,208,6767,0,869,0,7704,7726,fiducial_Hrad_5M
0.0008,1.0,143376,18221,28671,4479,8436,7645,14991,57721,18856,0,18856,7455,1925,5530,26235,1355,15568,0,30,0,156268,699,3901,6359,1536,0,1536,6367,1857,4510,10228,942,1599,0,30,0,34598,251,1680,4094,22414,0,22414,28,27,1,11358,1415,12159,0,721,0,55008,1139,1393,1089,1947,0,1947,28,27,1,1619,266,1050,0,721,0,7780,1137,5899,0,1592,0,1592,909,671,238,788,232,6047,0,1578,0,9061,7742,5535,0,1579,0,1579,525,505,20,33,153,6034,0,1578,0,7536,7742,fiducial_Hrad_5M
0.001,1.0,139919,19240,29557,5903,7277,6302,17658,54727,17095,0,17095,7017,1914,5103,28729,1436,13544,0,47,0,157625,386,4829,6539,1658,0,1658,6153,1849,4304,10999,979,1652,0,47,0,37044,203,2955,4454,21504,0,21504,71,70,1,11850,1808,12013,2,789,0,56723,1125,2785,1062,1957,0,1957,70,70,0,3007,421,1045,2,789,0,10631,1125,4159,0,1095,0,1095,1968,1787,181,802,259,5322,0,1110,0,7597,6838,3753,0,1080,0,1080,1465,1449,16,40,162,5152,0,1110,0,5757,6838,fiducial_Hrad_5M
0.002,1.0,141416,25424,31032,6757,9446,5762,23190,57401,13632,0,13632,7380,1571,5809,35288,637,9435,0,0,0,182763,359,12279,6126,1650,0,1650,5330,770,4560,17548,400,1747,0,0,0,49487,156,4461,4770,20372,0,20372,809,777,32,10788,550,14746,0,198,0,59596,1102,3946,966,1038,0,1038,796,766,30,4161,213,1432,0,198,0,12377,1102,4242,0,1409,0,1409,3729,3390,339,1937,287,6041,0,1414,0,13086,5673,3885,0,1346,0,1346,526,481,45,88,195,4260,0,1414,0,5841,5673,fiducial_Hrad_5M
0.004,1.0,144614,31093,32863,9869,12308,6500,35286,46697,12206,0,12206,10464,5915,4549,57415,225,962,0,0,0,190450,46,25056,1050,302,0,302,4670,2400,2270,29751,104,287,0,0,0,61926,0,12328,6609,11572,0,11572,1831,1451,380,13449,210,12257,0,127,0,59785,4652,7167,875,338,0,338,1480,1138,342,4233,112,4634,0,127,0,15051,4649,4022,0,1712,0,1712,6534,6013,521,3421,238,7097,0,1761,0,18233,6311,3602,0,1613,0,1613,1279,1188,91,221,187,4518,0,1761,0,6719,6274,fiducial_Hrad_5M
0.006,1.0,137587,15378,29229,6634,13147,7204,32113,48825,2744,0,2744,10885,6830,4055,46012,143,25,0,0,0,187304,0,13232,572,0,0,0,1571,440,1131,14805,36,0,0,0,0,30723,0,12246,6596,8147,0,8147,1909,1712,197,15997,107,6408,0,0,0,57302,55,5159,679,61,0,61,732,603,129,5887,54,68,0,0,0,13188,55,4354,0,2130,0,2130,6647,6132,515,4147,252,6857,0,2137,0,19284,6980,3918,0,2063,0,2063,1217,1079,138,270,218,4797,0,2137,0,7454,6946,fiducial_Hrad_5M
0.008,1.0,128775,6098,28261,2381,13060,7297,32320,28615,6307,0,6307,12588,9164,3424,51437,198,101,0,0,0,165504,0,5174,384,0,0,0,538,35,503,5712,10,0,0,0,0,12179,0,9751,5420,10020,0,10020,2567,2355,212,14386,64,8074,0,0,0,54909,25,1449,567,102,0,102,260,198,62,1729,8,85,0,0,0,4723,24,4029,0,2653,0,2653,6348,5889,459,3930,339,6309,0,2798,0,18917,7147,3566,0,2543,0,2543,1184,1048,136,228,278,4271,0,2798,0,7508,7080,fiducial_Hrad_5M
0.01,1.0,124656,1873,26872,1507,11820,6758,28883,30018,2597,0,2597,10987,8430,2557,42575,100,236,0,0,0,185629,0,777,927,0,0,0,169,9,160,946,0,0,0,0,0,3745,0,10015,4290,9274,0,9274,2152,1918,234,13833,44,7741,0,0,0,50930,40,819,432,139,0,139,115,66,49,965,3,110,0,0,0,2956,39,2766,8,3489,0,3489,5350,4912,438,3063,295,4922,0,3630,0,16557,6659,2539,0,3410,0,3410,802,713,89,149,263,2979,0,3630,0,6851,6656,fiducial_Hrad_5M
0.014,1.0,105517,235,25778,598,11767,7764,17810,18164,1175,0,1175,7575,6403,1172,26707,41,1590,0,0,0,167840,0,150,10,0,0,0,70,6,64,221,0,0,0,0,0,464,0,4058,1034,17244,0,17244,2062,1945,117,7674,24,15912,0,0,0,48879,7,174,43,336,0,336,43,35,8,273,0,282,0,0,0,1180,7,2769,42,4247,0,4247,4463,4085,378,2298,320,4877,0,4317,0,15235,7786,2645,4,4129,0,4129,980,844,136,99,304,3344,0,4317,0,7745,7773,fiducial_Hrad_5M
0.017,1.0,104804,187,23946,575,12796,9131,15427,18593,83,0,83,6688,5835,853,24606,41,298,0,0,0,177538,132,96,39,0,0,0,48,0,48,144,0,0,0,0,0,369,0,7989,1188,11862,0,11862,1696,1625,71,10622,37,11753,0,0,0,46192,283,295,30,191,0,191,43,37,6,351,1,194,0,0,0,1117,17,2777,0,5056,0,5056,4929,4669,260,2132,339,4975,0,5663,0,15775,9757,2751,0,4890,0,4890,1485,1401,84,73,317,3395,0,5663,0,8553,9704,fiducial_Hrad_5M
0.02,1.0,79516,26,20674,446,14660,11081,7650,15463,0,0,0,3046,2606,440,13667,78,31,0,0,0,138082,256,2,1,0,0,0,21,1,20,23,0,0,0,0,0,51,0,7543,1115,7945,0,7945,1192,1169,23,11320,53,7932,0,0,0,39954,521,222,16,116,0,116,27,24,3,314,1,116,0,0,0,873,13,3308,0,5663,0,5663,5648,5472,176,2092,449,5380,0,7156,0,16589,12657,3214,0,5490,0,5490,2371,2311,60,56,418,3869,0,7156,0,9632,12523,fiducial_Hrad_5M
0.03,1.0,39180,9,17747,441,15221,12065,1268,10971,0,0,0,169,8,161,1977,51,0,0,0,0,72402,8,0,1,0,0,0,0,0,0,1,1,0,0,0,0,16,0,9811,327,495,0,495,665,653,12,16762,106,492,0,0,0,35000,84,316,6,2,0,2,17,17,0,433,3,2,0,0,0,864,17,2389,6,5835,0,5835,6976,6839,137,1813,617,4251,0,9144,0,15292,15122,2226,0,5719,0,5719,4115,4063,52,52,582,2870,0,9143,0,9056,15067,fiducial_Hrad_5M
0.0001,3.0,146978,33838,31975,7093,36124,33268,8702,75670,6408,0,6408,7794,717,7077,21931,7782,1255,11,16,0,79408,1501,8271,17470,1161,0,1161,6820,368,6452,15128,4195,1220,6,16,0,57997,1317,6566,12076,12475,0,12475,18,0,18,16454,8006,2695,2,403,0,41105,3548,3701,2019,1287,0,1287,18,0,18,1989,1877,2682,0,403,0,8505,3548,18399,0,17434,0,17434,251,173,78,791,18514,19973,11,15344,0,38788,33381,17728,0,15359,0,15359,173,158,15,27,18030,17897,11,15344,0,33128,33379,fiducial_Hrad_5M
0.0002,3.0,154989,25772,28736,6029,27616,18055,10187,85589,4374,0,4374,7554,697,6857,21332,3834,887,3,1,0,86831,1107,9121,10712,248,0,248,5638,117,5521,14227,2194,829,0,1,0,46766,923,6379,11307,10459,0,10459,34,3,31,14283,3548,2714,0,103,0,36767,3138,3543,1865,553,0,553,33,3,30,1529,855,2532,0,103,0,7417,3138,16994,0,9699,0,9699,887,420,467,5393,1867,16527,0,5681,0,36790,18360,12070,0,5464,0,5464,514,375,139,82,1460,12351,0,5622,0,17778,18301,fiducial_Hrad_5M
0.0004,3.0,153133,31594,29722,6819,24258,19766,18719,68770,8297,0,8297,11064,533,10531,34527,4136,4011,0,0,0,123305,689,11719,9327,1391,0,1391,9117,176,8941,21069,2440,1197,0,0,0,60292,268,3198,5252,20200,0,20200,651,8,643,13871,4524,10063,4,258,0,52372,2927,2889,1634,1677,0,1677,594,8,586,1995,1050,2932,3,258,0,10467,2926,16006,0,4890,0,4890,3331,2846,485,3311,4351,17184,1,3749,0,27742,20718,13796,0,3585,0,3585,2381,2309,72,158,4042,15990,1,3618,0,18985,20534,fiducial_Hrad_5M
0.0006,3.0,162779,30243,30116,5944,42093,34639,21492,69603,14986,0,14986,12475,597,11878,38349,2895,11086,0,0,0,173793,621,13060,6622,760,0,760,9776,256,9520,23042,1523,577,0,0,0,58554,97,3273,4344,21368,0,21368,792,51,741,14476,2755,10940,1,97,0,56013,2244,2982,1380,882,0,882,689,48,641,2366,659,2101,1,97,0,9524,2243,29141,0,4384,0,4384,8545,7819,726,6507,2502,32238,0,3336,0,48621,35397,25195,0,3164,0,3164,6277,6177,100,319,2045,31038,0,3282,0,33974,35236,fiducial_Hrad_5M
0.0008,3.0,159047,30643,29400,5616,29455,19183,25044,57721,19084,0,19084,12859,564,12295,41760,2553,15744,0,0,0,187309,556,13565,6359,628,0,628,10065,297,9768,23804,1359,475,0,0,0,59799,88,3173,4094,20708,0,20708,1007,101,906,12548,2782,12345,3,74,0,55386,1838,2862,1089,791,0,791,867,98,769,2680,736,1773,1,74,0,9324,1838,15596,0,3589,0,3589,10237,9387,850,6613,2320,20923,1,1896,0,39331,19505,11291,0,1378,0,1378,6513,6394,119,329,1936,17003,1,1851,0,18899,19459,fiducial_Hrad_5M
0.001,3.0,154985,30952,28808,5573,21830,12711,27452,54727,17318,0,17318,12080,664,11416,43578,2761,13808,4,0,0,187688,267,14280,6539,657,0,657,9452,395,9057,23909,1398,501,1,0,0,60821,80,3026,4454,19586,0,19586,1208,224,984,12135,3204,11710,9,58,0,54628,1464,2805,1062,668,0,668,1030,210,820,2924,923,1529,1,58,0,9622,1464,10258,0,2165,0,2165,9351,8525,826,6127,1825,14241,1,1419,0,30521,13019,7622,0,897,0,897,4190,4067,123,397,1419,10897,1,1417,0,12413,12999,fiducial_Hrad_5M
0.002,3.0,151678,31289,29158,5912,18663,8120,29969,57401,13494,0,13494,11010,2157,8853,45222,1335,9763,0,0,0,203466,266,17771,6126,394,0,394,6980,1152,5828,24885,651,275,0,0,0,61904,44,4135,4770,17755,0,17755,1908,760,1148,11924,1380,11914,0,20,0,56362,434,3244,966,337,0,337,1365,524,841,4394,768,532,0,20,0,11371,434,5912,0,2861,0,2861,9826,9068,758,6288,937,9362,1,2959,0,28002,9193,3818,0,1573,0,1573,2728,2626,102,488,610,4689,1,2943,0,7100,9137,fiducial_Hrad_5M
0.004,3.0,145629,20010,28340,4466,20528,9956,35251,46697,12145,0,12145,11591,6064,5527,55747,327,3645,0,0,0,191637,152,16419,1050,39,0,39,2492,833,1659,18925,106,30,0,0,0,39870,55,9963,6609,9272,0,9272,1992,1359,633,14584,443,6726,0,0,0,55124,95,2872,875,86,0,86,630,296,334,3518,244,73,0,0,0,8825,94,6418,0,3887,0,3887,10184,9526,658,5963,441,9673,0,4863,0,29175,11808,4628,0,2748,0,2748,2580,2507,73,299,274,5060,0,4597,0,8499,11411,fiducial_Hrad_5M
0.006,3.0,138067,3836,24873,2619,18609,7765,32016,48825,2944,0,2944,11274,7050,4224,45717,143,800,0,0,0,188029,90,2820,572,1,0,1,442,95,347,3258,6,5,0,0,0,7577,90,10452,6596,5930,0,5930,1581,1363,218,13243,111,4806,0,0,0,48661,56,1703,679,51,0,51,185,116,69,1893,44,47,0,0,0,5168,56,4513,0,4497,0,4497,9583,9058,525,5703,399,7440,0,5460,0,27308,9883,2315,0,3003,0,3003,2447,2396,51,353,211,2511,0,4901,0,6469,9061,fiducial_Hrad_5M
0.008,3.0,129287,955,22529,1528,18063,7411,32196,28615,6772,0,6772,12781,9334,3447,51120,201,930,0,0,0,166341,138,275,384,0,0,0,294,144,150,561,0,8,0,0,0,1762,138,7613,5420,7035,0,7035,1981,1827,154,11027,28,5701,0,0,0,43497,81,718,567,86,0,86,157,143,14,883,1,78,0,0,0,2969,80,3916,0,4831,0,4831,9285,8877,408,4485,453,8064,0,5491,0,26144,9926,2237,0,3000,0,3000,2174,2138,36,160,233,2530,0,4721,0,6085,8737,fiducial_Hrad_5M
0.01,3.0,124856,1839,21464,1118,17636,9252,28590,30018,3011,0,3011,11087,8545,2542,42182,99,829,0,0,0,185922,122,758,927,1,0,1,153,128,25,910,1,2,0,0,0,3555,122,7726,4290,6701,0,6701,1635,1487,148,10731,20,5435,0,0,0,40219,113,479,432,100,0,100,107,100,7,609,1,77,0,0,0,2119,111,2709,8,6105,0,6105,8609,8289,320,3068,437,7071,0,7292,0,22839,12013,1925,0,4344,0,4344,2982,2942,40,103,289,2208,0,6941,0,6951,11551,fiducial_Hrad_5M
0.014,3.0,104916,228,20240,475,18290,11156,17450,18164,1250,0,1250,7337,6194,1143,26082,36,1614,0,0,0,166621,66,137,10,0,0,0,77,70,7,212,1,2,0,0,0,384,66,3082,1034,13119,0,13119,1688,1621,67,6126,11,11921,0,1,0,37899,52,129,43,232,0,232,70,65,5,247,0,184,0,1,0,895,49,2816,42,6278,0,6278,8911,8689,222,2335,495,6849,0,8831,0,21159,14914,2424,4,5028,0,5028,3699,3676,23,78,300,2740,0,8334,0,8107,14204,fiducial_Hrad_5M
0.017,3.0,104070,198,18352,453,19432,12779,15025,18593,101,0,101,6449,5621,828,23835,39,335,0,0,0,176047,189,88,39,0,0,0,67,58,9,155,0,0,0,0,0,334,57,6123,1188,8558,0,8558,1536,1502,34,8351,16,8430,0,0,0,35206,278,199,30,125,0,125,89,85,4,293,1,130,0,0,0,823,77,2933,0,7079,0,7079,9388,9184,204,2094,611,7024,0,10288,0,21274,17532,2664,0,5626,0,5626,4489,4458,31,67,362,2979,0,9733,0,8948,16610,fiducial_Hrad_5M
0.02,3.0,79251,31,15677,312,20791,14215,7572,15463,12,0,12,2912,2488,424,13386,71,47,0,0,0,137533,287,2,1,0,0,0,26,26,0,28,2,0,0,0,0,35,26,5814,1115,5618,0,5618,1080,1069,11,8682,32,5573,0,0,0,30206,337,146,16,70,0,70,48,47,1,226,1,70,0,0,0,585,37,3612,0,7463,0,7463,9678,9523,155,1958,818,7454,0,11347,0,21597,19914,3343,0,5840,0,5840,5030,5008,22,53,426,3664,0,10498,0,9803,18625,fiducial_Hrad_5M
0.03,3.0,39150,8,13224,336,20583,14867,1265,10971,0,0,0,163,8,155,1947,49,0,0,0,0,72344,8,0,1,0,0,0,0,0,0,0,0,0,0,0,0,14,0,7406,327,184,0,184,691,685,6,12551,66,180,0,0,0,25950,122,238,6,0,0,0,38,38,0,323,2,7,0,0,0,628,44,2713,6,7423,0,7423,10426,10291,135,1677,953,5352,0,13541,0,18002,23138,2393,0,5511,0,5511,6963,6952,11,51,474,2693,0,12123,0,8458,21276,fiducial_Hrad_5M
0.0001,5.0,150979,35215,37178,7623,94257,88591,8894,75670,7912,0,7912,10099,811,9288,26851,9022,352,17,0,0,86388,432,7975,17470,1022,0,1022,8695,397,8298,17457,3797,284,7,0,0,62355,240,6946,12076,17012,0,17012,369,16,353,21401,9825,3057,6,297,0,51595,3496,3943,2019,1285,0,1285,345,16,329,2413,2323,2894,2,297,0,10029,3496,61333,0,29123,0,29123,3759,3089,670,1932,42908,66044,245,26265,0,98154,90072,60243,0,25281,0,25281,3056,2949,107,132,41923,62201,245,26258,0,86890,90057,fiducial_Hrad_5M
0.0002,5.0,157374,26903,32282,7316,67600,52408,10244,85589,4906,0,4906,9350,710,8640,24427,4351,178,4,0,0,91847,375,8831,10712,272,0,272,7054,76,6978,16127,2119,61,1,0,0,49971,188,7087,11307,12900,0,12900,462,14,448,17741,5730,2744,0,161,0,43931,2907,4191,1865,804,0,804,439,13,426,2958,1925,2332,0,161,0,10423,2907,46377,0,13400,0,13400,7789,6594,1195,7954,11557,50594,28,9037,0,78008,57006,40249,0,6111,0,6111,6044,5859,185,272,10893,44209,28,7927,0,49043,55645,fiducial_Hrad_5M
0.0004,5.0,154853,30687,32192,7737,70933,61389,18732,68770,8890,0,8890,12183,762,11421,36024,4767,4234,0,0,0,126514,664,11373,9327,871,0,871,9102,343,8759,20728,2218,631,0,0,0,58829,227,4517,5252,20985,0,20985,1037,34,1003,17833,5985,8722,2,107,0,58376,1632,4067,1634,1204,0,1204,823,31,792,4394,1884,1602,1,107,0,13524,1632,52358,0,7084,0,7084,11462,10172,1290,7138,12233,55236,23,8545,0,75099,66644,47989,0,4524,0,4524,8873,8696,177,413,11417,52834,23,8142,0,56796,65905,fiducial_Hrad_5M
0.0006,5.0,163554,28779,31616,7171,58856,41482,21493,69603,15142,0,15142,13102,716,12386,39098,3206,11112,0,0,0,175183,658,12581,6622,336,0,336,9226,244,8982,21982,1320,173,0,0,0,56060,120,4841,4344,21098,0,21098,1006,54,952,17916,3982,9067,1,30,0,60110,954,4340,1380,717,0,717,727,44,683,4993,1537,768,0,30,0,13216,953,43585,0,3829,0,3829,11420,10185,1235,15117,4570,39264,1,4463,0,72393,45103,33692,0,1355,0,1355,6434,6303,131,554,3713,36655,1,4273,0,38584,44295,fiducial_Hrad_5M
0.0008,5.0,159730,28998,30567,6763,38994,24162,25047,57721,19186,0,19186,13448,802,12646,42464,2827,15723,0,0,0,188558,586,13119,6359,354,0,354,9152,365,8787,22449,1233,185,0,0,0,56852,106,4927,4094,20028,0,20028,1113,106,1007,15830,4039,10299,1,5,0,58815,623,4332,1089,601,0,601,736,68,668,5186,1610,483,0,5,0,12814,623,24951,0,3285,0,3285,10726,9399,1327,10994,3399,24916,8,3061,0,51612,26294,19207,0,764,0,764,4191,4016,175,637,2567,20468,7,3057,0,22040,26271,fiducial_Hrad_5M
0.001,5.0,155820,29511,29949,6452,32330,20342,27454,54727,17468,0,17468,12772,1119,11653,44398,3080,13823,5,0,0,189271,291,13878,6539,486,0,486,8595,698,7897,22698,1340,271,1,0,0,58140,104,4801,4454,18970,0,18970,1211,213,998,15347,4318,9697,8,0,0,57858,335,4126,1062,506,0,506,752,138,614,5067,1658,323,0,0,0,12498,335,19886,0,2204,0,2204,10186,9063,1123,9023,3100,20717,18,2547,0,42394,22147,16247,0,615,0,615,3479,3346,133,685,2265,17122,16,2535,0,18587,22088,fiducial_Hrad_5M
0.002,5.0,151797,26459,28988,5401,28462,15773,29962,57401,13428,0,13428,11209,2330,8879,45195,1460,9909,0,0,0,203731,345,15508,6126,209,0,209,4610,636,3974,20260,584,70,0,0,0,52599,98,5201,4770,16638,0,16638,1802,723,1079,13339,2157,10349,0,0,0,56182,141,3383,966,296,0,296,756,264,492,4240,1178,195,0,0,0,10647,141,14588,0,2851,0,2851,10960,10101,859,7267,2067,18689,2,2452,0,39318,17472,12021,0,624,0,624,3127,3021,106,492,1484,13105,2,2176,0,14559,16981,fiducial_Hrad_5M
0.004,5.0,145729,10679,26711,3487,18449,4976,35215,46697,12188,0,12188,11694,6187,5507,54760,349,4732,0,0,0,191864,268,8600,1050,31,0,31,992,303,689,9606,68,18,0,0,0,21163,147,9767,6609,8013,0,8013,1839,1264,575,13773,527,5908,0,0,0,51838,138,2176,875,90,0,90,346,163,183,2534,233,78,0,0,0,6832,137,4773,0,4028,0,4028,9609,9018,591,6788,463,7640,0,3992,0,28843,7982,1967,0,966,0,966,2043,1984,59,539,188,2008,0,2429,0,3952,5999,fiducial_Hrad_5M
0.006,5.0,138175,1343,22427,2119,18538,5273,31940,48825,2990,0,2990,11422,7223,4199,45460,137,1165,0,0,0,188207,168,434,572,0,0,0,336,168,168,770,0,0,0,0,0,2514,168,9488,6596,4600,0,4600,1442,1252,190,11930,104,3673,0,0,0,43702,121,1233,679,28,0,28,178,145,33,1411,19,29,0,0,0,4113,118,4486,0,4743,0,4743,9293,8821,472,5759,424,7341,0,5432,0,27296,9754,1761,0,1239,0,1239,2273,2228,45,284,175,2001,0,2988,0,3777,6769,fiducial_Hrad_5M
0.008,5.0,129356,882,20029,1310,17413,4716,32072,28615,6953,0,6953,12796,9375,3421,50768,201,1351,0,0,0,166381,186,260,384,0,0,0,236,200,36,495,0,1,0,0,0,1568,186,6740,5420,5643,0,5643,1757,1635,122,9734,23,4494,0,0,0,38474,159,482,567,65,0,65,193,183,10,690,1,53,0,0,0,2457,151,3660,0,4934,0,4934,8788,8444,344,4485,507,7630,0,5275,0,25350,9421,1704,0,1097,0,1097,1915,1885,30,143,198,1979,0,2594,0,3359,6073,fiducial_Hrad_5M
0.01,5.0,124777,1859,19344,1046,17015,5852,28413,30018,3123,0,3123,11084,8571,2513,41792,98,1140,0,0,0,185747,163,753,927,0,0,0,179,169,10,931,1,1,0,0,0,3554,163,6816,4290,5603,0,5603,1539,1427,112,9666,14,4380,0,0,0,35935,184,382,432,77,0,77,154,151,3,558,1,56,0,0,0,1913,168,2539,8,5997,0,5997,8267,7978,289,3050,523,7471,0,6289,0,23084,10522,1521,0,1912,0,1912,2419,2387,32,101,205,1790,0,3961,0,3907,7797,fiducial_Hrad_5M
0.014,5.0,104680,268,18151,497,16895,5351,17284,18164,1338,0,1338,7203,6088,1115,25810,42,1650,0,0,0,166082,108,137,10,0,0,0,117,112,5,252,1,2,0,0,0,422,108,2764,1034,11431,0,11431,1639,1591,48,5740,6,10219,0,0,0,33702,117,109,43,218,0,218,127,123,4,278,0,176,0,0,0,886,105,2452,42,5903,0,5903,8257,8069,188,2667,553,6954,0,6999,0,21289,11995,1506,4,1434,0,1434,2406,2384,22,85,232,1801,0,3461,0,3431,7270,fiducial_Hrad_5M
0.017,5.0,103826,234,16452,448,18277,5949,14870,18593,153,0,153,6345,5539,806,23555,37,371,0,0,0,175503,232,88,39,0,0,0,103,102,1,185,0,6,0,0,0,363,100,5566,1188,7313,0,7313,1541,1516,25,7714,16,7167,0,0,0,31538,211,190,30,100,0,100,122,116,6,315,0,103,0,0,0,784,106,2685,0,6783,0,6783,8779,8611,168,2333,669,7165,0,8753,0,21442,15056,1800,0,1548,0,1548,2601,2579,22,70,231,2086,0,3793,0,3808,8090,fiducial_Hrad_5M
0.02,5.0,79293,47,13727,309,19878,6651,7561,15463,114,0,114,2884,2461,423,13328,64,147,0,0,0,137560,345,2,1,0,0,0,42,40,2,44,2,0,0,0,0,52,41,5234,1115,4475,0,4475,1094,1088,6,7898,25,4407,0,0,0,26409,236,136,16,56,0,56,76,75,1,237,0,56,0,0,0,550,66,3366,0,7088,0,7088,9387,9261,126,2220,844,7415,0,10211,0,21395,18291,2141,0,1603,0,1603,2907,2892,15,52,236,2477,0,4122,0,4159,9143,fiducial_Hrad_5M
0.03,5.0,39143,8,11681,329,18946,5579,1264,10971,0,0,0,159,8,151,1940,48,0,0,0,0,72332,8,0,1,0,0,0,0,0,0,0,0,0,0,0,0,14,0,6589,327,47,0,47,755,749,6,11147,50,41,0,0,0,22810,189,208,6,0,0,0,82,82,0,318,1,5,0,0,0,572,86,2683,6,7043,0,7043,9200,9073,127,1653,1026,6110,0,11170,0,18941,18926,1638,0,1393,0,1393,2548,2539,9,49,224,1935,0,3595,0,3376,7782,fiducial_Hrad_5M
